# vsim -voptargs="+acc" work.passive_top_tb -l sim.log 
# Start time: 07:01:27 on Feb 25,2026
# ** Note: (vsim-3813) Design is being optimized due to module recompilation...
# ** Error: norm_l2_vec.sv(228): Module 'c_addsub_0' is not defined.
# ** Error: fp_mul.sv(24): Module 'mult_gen_0' is not defined.
# ** Error: nr_iteration.sv(99): Module 'mult_gen_0' is not defined.
# ** Error: passive_top.sv(121): Module 'c_addsub_0' is not defined.
# ** Error: passive_top.sv(121): Module 'c_addsub_0' is not defined.
# ** Error: passive_top.sv(121): Module 'c_addsub_0' is not defined.
# ** Error: passive_top.sv(121): Module 'c_addsub_0' is not defined.
# ** Error: passive_top.sv(121): Module 'c_addsub_0' is not defined.
# ** Error: passive_top.sv(121): Module 'c_addsub_0' is not defined.
# ** Error: passive_top.sv(121): Module 'c_addsub_0' is not defined.
# ** Error: passive_top.sv(121): Module 'c_addsub_0' is not defined.
# ** Error: passive_top.sv(121): Module 'c_addsub_0' is not defined.
# ** Error: passive_top.sv(121): Module 'c_addsub_0' is not defined.
# ** Error: passive_top.sv(121): Module 'c_addsub_0' is not defined.
# ** Error: passive_top.sv(121): Module 'c_addsub_0' is not defined.
# ** Error: passive_top.sv(121): Module 'c_addsub_0' is not defined.
# ** Error: passive_top.sv(121): Module 'c_addsub_0' is not defined.
# ** Error: passive_top.sv(121): Module 'c_addsub_0' is not defined.
# ** Error: passive_top.sv(121): Module 'c_addsub_0' is not defined.
# ** Error: passive_top.sv(121): Module 'c_addsub_0' is not defined.
# ** Error: passive_top.sv(121): Module 'c_addsub_0' is not defined.
# ** Error: passive_top.sv(121): Module 'c_addsub_0' is not defined.
# ** Error: passive_top.sv(121): Module 'c_addsub_0' is not defined.
# ** Error: passive_top.sv(121): Module 'c_addsub_0' is not defined.
# ** Error: passive_top.sv(121): Module 'c_addsub_0' is not defined.
# ** Error: passive_top.sv(121): Module 'c_addsub_0' is not defined.
# ** Error: passive_top.sv(121): Module 'c_addsub_0' is not defined.
# ** Error: passive_top.sv(121): Module 'c_addsub_0' is not defined.
# ** Error: passive_top.sv(121): Module 'c_addsub_0' is not defined.
# ** Error: passive_top.sv(121): Module 'c_addsub_0' is not defined.
# ** Error: passive_top.sv(121): Module 'c_addsub_0' is not defined.
# ** Error: passive_top.sv(121): Module 'c_addsub_0' is not defined.
# ** Error: passive_top.sv(121): Module 'c_addsub_0' is not defined.
# ** Error: passive_top.sv(121): Module 'c_addsub_0' is not defined.
# ** Error: passive_top.sv(121): Module 'c_addsub_0' is not defined.
# ** Error: passive_top.sv(121): Module 'c_addsub_0' is not defined.
# ** Error: passive_top.sv(121): Module 'c_addsub_0' is not defined.
# ** Error: passive_top.sv(121): Module 'c_addsub_0' is not defined.
# ** Error: passive_top.sv(121): Module 'c_addsub_0' is not defined.
# ** Error: passive_top.sv(121): Module 'c_addsub_0' is not defined.
# ** Error: passive_top.sv(121): Module 'c_addsub_0' is not defined.
# ** Error: passive_top.sv(121): Module 'c_addsub_0' is not defined.
# ** Error: passive_top.sv(121): Module 'c_addsub_0' is not defined.
# ** Error: passive_top.sv(121): Module 'c_addsub_0' is not defined.
# ** Error: passive_top.sv(121): Module 'c_addsub_0' is not defined.
# ** Error: passive_top.sv(121): Module 'c_addsub_0' is not defined.
# ** Error: passive_top.sv(121): Module 'c_addsub_0' is not defined.
# ** Error: passive_top.sv(121): Module 'c_addsub_0' is not defined.
# ** Error: passive_top.sv(121): Module 'c_addsub_0' is not defined.
# ** Error: passive_top.sv(121): Module 'c_addsub_0' is not defined.
# ** Error: passive_top.sv(121): Module 'c_addsub_0' is not defined.
# ** Error: passive_top.sv(121): Module 'c_addsub_0' is not defined.
# ** Error: passive_top.sv(121): Module 'c_addsub_0' is not defined.
# ** Error: passive_top.sv(121): Module 'c_addsub_0' is not defined.
# ** Error: passive_top.sv(121): Module 'c_addsub_0' is not defined.
# ** Error: passive_top.sv(121): Module 'c_addsub_0' is not defined.
# ** Error: passive_top.sv(121): Module 'c_addsub_0' is not defined.
# ** Error: passive_top.sv(121): Module 'c_addsub_0' is not defined.
# ** Error: passive_top.sv(121): Module 'c_addsub_0' is not defined.
# ** Error: passive_top.sv(121): Module 'c_addsub_0' is not defined.
# ** Error: passive_top.sv(121): Module 'c_addsub_0' is not defined.
# ** Error: passive_top.sv(121): Module 'c_addsub_0' is not defined.
# ** Error: passive_top.sv(121): Module 'c_addsub_0' is not defined.
# ** Error: passive_top.sv(121): Module 'c_addsub_0' is not defined.
# ** Error: passive_top.sv(121): Module 'c_addsub_0' is not defined.
# ** Error: passive_top.sv(121): Module 'c_addsub_0' is not defined.
# ** Error: passive_top.sv(121): Module 'c_addsub_0' is not defined.
# ** Error: norm_l2_vec.sv(34): Module 'mult_gen_0' is not defined.
# ** Error: norm_l2_vec.sv(34): Module 'mult_gen_0' is not defined.
# ** Error: norm_l2_vec.sv(34): Module 'mult_gen_0' is not defined.
# ** Error: norm_l2_vec.sv(34): Module 'mult_gen_0' is not defined.
# ** Error: norm_l2_vec.sv(34): Module 'mult_gen_0' is not defined.
# ** Error: norm_l2_vec.sv(34): Module 'mult_gen_0' is not defined.
# ** Error: norm_l2_vec.sv(34): Module 'mult_gen_0' is not defined.
# ** Error: norm_l2_vec.sv(34): Module 'mult_gen_0' is not defined.
# ** Error: norm_l2_vec.sv(34): Module 'mult_gen_0' is not defined.
# ** Error: norm_l2_vec.sv(34): Module 'mult_gen_0' is not defined.
# ** Error: norm_l2_vec.sv(34): Module 'mult_gen_0' is not defined.
# ** Error: norm_l2_vec.sv(34): Module 'mult_gen_0' is not defined.
# ** Error: norm_l2_vec.sv(34): Module 'mult_gen_0' is not defined.
# ** Error: norm_l2_vec.sv(34): Module 'mult_gen_0' is not defined.
# ** Error: norm_l2_vec.sv(34): Module 'mult_gen_0' is not defined.
# ** Error: norm_l2_vec.sv(34): Module 'mult_gen_0' is not defined.
# ** Error: norm_l2_vec.sv(34): Module 'mult_gen_0' is not defined.
# ** Error: norm_l2_vec.sv(34): Module 'mult_gen_0' is not defined.
# ** Error: norm_l2_vec.sv(34): Module 'mult_gen_0' is not defined.
# ** Error: norm_l2_vec.sv(34): Module 'mult_gen_0' is not defined.
# ** Error: norm_l2_vec.sv(34): Module 'mult_gen_0' is not defined.
# ** Error: norm_l2_vec.sv(34): Module 'mult_gen_0' is not defined.
# ** Error: norm_l2_vec.sv(34): Module 'mult_gen_0' is not defined.
# ** Error: norm_l2_vec.sv(34): Module 'mult_gen_0' is not defined.
# ** Error: norm_l2_vec.sv(34): Module 'mult_gen_0' is not defined.
# ** Error: norm_l2_vec.sv(34): Module 'mult_gen_0' is not defined.
# ** Error: norm_l2_vec.sv(34): Module 'mult_gen_0' is not defined.
# ** Error: norm_l2_vec.sv(34): Module 'mult_gen_0' is not defined.
# ** Error: norm_l2_vec.sv(34): Module 'mult_gen_0' is not defined.
# ** Error: norm_l2_vec.sv(34): Module 'mult_gen_0' is not defined.
# ** Error: norm_l2_vec.sv(34): Module 'mult_gen_0' is not defined.
# ** Error: norm_l2_vec.sv(34): Module 'mult_gen_0' is not defined.
# ** Error: norm_l2_vec.sv(34): Module 'mult_gen_0' is not defined.
# ** Error: norm_l2_vec.sv(34): Module 'mult_gen_0' is not defined.
# ** Error: norm_l2_vec.sv(34): Module 'mult_gen_0' is not defined.
# ** Error: norm_l2_vec.sv(34): Module 'mult_gen_0' is not defined.
# ** Error: norm_l2_vec.sv(34): Module 'mult_gen_0' is not defined.
# ** Error: norm_l2_vec.sv(34): Module 'mult_gen_0' is not defined.
# ** Error: norm_l2_vec.sv(34): Module 'mult_gen_0' is not defined.
# ** Error: norm_l2_vec.sv(34): Module 'mult_gen_0' is not defined.
# ** Error: norm_l2_vec.sv(34): Module 'mult_gen_0' is not defined.
# ** Error: norm_l2_vec.sv(34): Module 'mult_gen_0' is not defined.
# ** Error: norm_l2_vec.sv(34): Module 'mult_gen_0' is not defined.
# ** Error: norm_l2_vec.sv(34): Module 'mult_gen_0' is not defined.
# ** Error: norm_l2_vec.sv(34): Module 'mult_gen_0' is not defined.
# ** Error: norm_l2_vec.sv(34): Module 'mult_gen_0' is not defined.
# ** Error: norm_l2_vec.sv(34): Module 'mult_gen_0' is not defined.
# ** Error: norm_l2_vec.sv(34): Module 'mult_gen_0' is not defined.
# ** Error: norm_l2_vec.sv(34): Module 'mult_gen_0' is not defined.
# ** Error: norm_l2_vec.sv(34): Module 'mult_gen_0' is not defined.
# ** Error: norm_l2_vec.sv(34): Module 'mult_gen_0' is not defined.
# ** Error: norm_l2_vec.sv(34): Module 'mult_gen_0' is not defined.
# ** Error: norm_l2_vec.sv(34): Module 'mult_gen_0' is not defined.
# ** Error: norm_l2_vec.sv(34): Module 'mult_gen_0' is not defined.
# ** Error: norm_l2_vec.sv(34): Module 'mult_gen_0' is not defined.
# ** Error: norm_l2_vec.sv(34): Module 'mult_gen_0' is not defined.
# ** Error: norm_l2_vec.sv(34): Module 'mult_gen_0' is not defined.
# ** Error: norm_l2_vec.sv(34): Module 'mult_gen_0' is not defined.
# ** Error: norm_l2_vec.sv(34): Module 'mult_gen_0' is not defined.
# ** Error: norm_l2_vec.sv(34): Module 'mult_gen_0' is not defined.
# ** Error: norm_l2_vec.sv(34): Module 'mult_gen_0' is not defined.
# ** Error: norm_l2_vec.sv(34): Module 'mult_gen_0' is not defined.
# ** Error: norm_l2_vec.sv(34): Module 'mult_gen_0' is not defined.
# ** Error: norm_l2_vec.sv(34): Module 'mult_gen_0' is not defined.
# ** Error: norm_l2_vec.sv(78): Module 'c_addsub_0' is not defined.
# ** Error: norm_l2_vec.sv(78): Module 'c_addsub_0' is not defined.
# ** Error: norm_l2_vec.sv(78): Module 'c_addsub_0' is not defined.
# ** Error: norm_l2_vec.sv(78): Module 'c_addsub_0' is not defined.
# ** Error: norm_l2_vec.sv(78): Module 'c_addsub_0' is not defined.
# ** Error: norm_l2_vec.sv(78): Module 'c_addsub_0' is not defined.
# ** Error: norm_l2_vec.sv(78): Module 'c_addsub_0' is not defined.
# ** Error: norm_l2_vec.sv(78): Module 'c_addsub_0' is not defined.
# ** Error: norm_l2_vec.sv(78): Module 'c_addsub_0' is not defined.
# ** Error: norm_l2_vec.sv(78): Module 'c_addsub_0' is not defined.
# ** Error: norm_l2_vec.sv(78): Module 'c_addsub_0' is not defined.
# ** Error: norm_l2_vec.sv(78): Module 'c_addsub_0' is not defined.
# ** Error: norm_l2_vec.sv(78): Module 'c_addsub_0' is not defined.
# ** Error: norm_l2_vec.sv(78): Module 'c_addsub_0' is not defined.
# ** Error: norm_l2_vec.sv(78): Module 'c_addsub_0' is not defined.
# ** Error: norm_l2_vec.sv(78): Module 'c_addsub_0' is not defined.
# ** Error: norm_l2_vec.sv(78): Module 'c_addsub_0' is not defined.
# ** Error: norm_l2_vec.sv(78): Module 'c_addsub_0' is not defined.
# ** Error: norm_l2_vec.sv(78): Module 'c_addsub_0' is not defined.
# ** Error: norm_l2_vec.sv(78): Module 'c_addsub_0' is not defined.
# ** Error: norm_l2_vec.sv(78): Module 'c_addsub_0' is not defined.
# ** Error: norm_l2_vec.sv(78): Module 'c_addsub_0' is not defined.
# ** Error: norm_l2_vec.sv(78): Module 'c_addsub_0' is not defined.
# ** Error: norm_l2_vec.sv(78): Module 'c_addsub_0' is not defined.
# ** Error: norm_l2_vec.sv(78): Module 'c_addsub_0' is not defined.
# ** Error: norm_l2_vec.sv(78): Module 'c_addsub_0' is not defined.
# ** Error: norm_l2_vec.sv(78): Module 'c_addsub_0' is not defined.
# ** Error: norm_l2_vec.sv(78): Module 'c_addsub_0' is not defined.
# ** Error: norm_l2_vec.sv(78): Module 'c_addsub_0' is not defined.
# ** Error: norm_l2_vec.sv(78): Module 'c_addsub_0' is not defined.
# ** Error: norm_l2_vec.sv(78): Module 'c_addsub_0' is not defined.
# ** Error: norm_l2_vec.sv(78): Module 'c_addsub_0' is not defined.
# ** Error: norm_l2_vec.sv(100): Module 'c_addsub_0' is not defined.
# ** Error: norm_l2_vec.sv(100): Module 'c_addsub_0' is not defined.
# ** Error: norm_l2_vec.sv(100): Module 'c_addsub_0' is not defined.
# ** Error: norm_l2_vec.sv(100): Module 'c_addsub_0' is not defined.
# ** Error: norm_l2_vec.sv(100): Module 'c_addsub_0' is not defined.
# ** Error: norm_l2_vec.sv(100): Module 'c_addsub_0' is not defined.
# ** Error: norm_l2_vec.sv(100): Module 'c_addsub_0' is not defined.
# ** Error: norm_l2_vec.sv(100): Module 'c_addsub_0' is not defined.
# ** Error: norm_l2_vec.sv(100): Module 'c_addsub_0' is not defined.
# ** Error: norm_l2_vec.sv(100): Module 'c_addsub_0' is not defined.
# ** Error: norm_l2_vec.sv(100): Module 'c_addsub_0' is not defined.
# ** Error: norm_l2_vec.sv(100): Module 'c_addsub_0' is not defined.
# ** Error: norm_l2_vec.sv(100): Module 'c_addsub_0' is not defined.
# ** Error: norm_l2_vec.sv(100): Module 'c_addsub_0' is not defined.
# ** Error: norm_l2_vec.sv(100): Module 'c_addsub_0' is not defined.
# ** Error: norm_l2_vec.sv(100): Module 'c_addsub_0' is not defined.
# ** Error: norm_l2_vec.sv(143): Module 'c_addsub_0' is not defined.
# ** Error: norm_l2_vec.sv(143): Module 'c_addsub_0' is not defined.
# ** Error: norm_l2_vec.sv(143): Module 'c_addsub_0' is not defined.
# ** Error: norm_l2_vec.sv(143): Module 'c_addsub_0' is not defined.
# ** Error: norm_l2_vec.sv(143): Module 'c_addsub_0' is not defined.
# ** Error: norm_l2_vec.sv(143): Module 'c_addsub_0' is not defined.
# ** Error: norm_l2_vec.sv(143): Module 'c_addsub_0' is not defined.
# ** Error: norm_l2_vec.sv(143): Module 'c_addsub_0' is not defined.
# ** Error: norm_l2_vec.sv(166): Module 'c_addsub_0' is not defined.
# ** Error: norm_l2_vec.sv(166): Module 'c_addsub_0' is not defined.
# ** Error: norm_l2_vec.sv(166): Module 'c_addsub_0' is not defined.
# ** Error: norm_l2_vec.sv(166): Module 'c_addsub_0' is not defined.
# ** Error: norm_l2_vec.sv(208): Module 'c_addsub_0' is not defined.
# ** Error: norm_l2_vec.sv(208): Module 'c_addsub_0' is not defined.
# ** Error: passive_top.sv(209): Module 'mult_gen_0' is not defined.
# ** Error: passive_top.sv(209): Module 'mult_gen_0' is not defined.
# ** Error: passive_top.sv(209): Module 'mult_gen_0' is not defined.
# ** Error: passive_top.sv(209): Module 'mult_gen_0' is not defined.
# ** Error: passive_top.sv(209): Module 'mult_gen_0' is not defined.
# ** Error: passive_top.sv(209): Module 'mult_gen_0' is not defined.
# ** Error: passive_top.sv(209): Module 'mult_gen_0' is not defined.
# ** Error: passive_top.sv(209): Module 'mult_gen_0' is not defined.
# ** Error: passive_top.sv(209): Module 'mult_gen_0' is not defined.
# ** Error: passive_top.sv(209): Module 'mult_gen_0' is not defined.
# ** Error: passive_top.sv(209): Module 'mult_gen_0' is not defined.
# ** Error: passive_top.sv(209): Module 'mult_gen_0' is not defined.
# ** Error: passive_top.sv(209): Module 'mult_gen_0' is not defined.
# ** Error: passive_top.sv(209): Module 'mult_gen_0' is not defined.
# ** Error: passive_top.sv(209): Module 'mult_gen_0' is not defined.
# ** Error: passive_top.sv(209): Module 'mult_gen_0' is not defined.
# ** Error: passive_top.sv(209): Module 'mult_gen_0' is not defined.
# ** Error: passive_top.sv(209): Module 'mult_gen_0' is not defined.
# ** Error: passive_top.sv(209): Module 'mult_gen_0' is not defined.
# ** Error: passive_top.sv(209): Module 'mult_gen_0' is not defined.
# ** Error: passive_top.sv(209): Module 'mult_gen_0' is not defined.
# ** Error: passive_top.sv(209): Module 'mult_gen_0' is not defined.
# ** Error: passive_top.sv(209): Module 'mult_gen_0' is not defined.
# ** Error: passive_top.sv(209): Module 'mult_gen_0' is not defined.
# ** Error: passive_top.sv(209): Module 'mult_gen_0' is not defined.
# ** Error: passive_top.sv(209): Module 'mult_gen_0' is not defined.
# ** Error: passive_top.sv(209): Module 'mult_gen_0' is not defined.
# ** Error: passive_top.sv(209): Module 'mult_gen_0' is not defined.
# ** Error: passive_top.sv(209): Module 'mult_gen_0' is not defined.
# ** Error: passive_top.sv(209): Module 'mult_gen_0' is not defined.
# ** Error: passive_top.sv(209): Module 'mult_gen_0' is not defined.
# ** Error: passive_top.sv(209): Module 'mult_gen_0' is not defined.
# ** Error: passive_top.sv(209): Module 'mult_gen_0' is not defined.
# ** Error: passive_top.sv(209): Module 'mult_gen_0' is not defined.
# ** Error: passive_top.sv(209): Module 'mult_gen_0' is not defined.
# ** Error: passive_top.sv(209): Module 'mult_gen_0' is not defined.
# ** Error: passive_top.sv(209): Module 'mult_gen_0' is not defined.
# ** Error: passive_top.sv(209): Module 'mult_gen_0' is not defined.
# ** Error: passive_top.sv(209): Module 'mult_gen_0' is not defined.
# ** Error: passive_top.sv(209): Module 'mult_gen_0' is not defined.
# ** Error: passive_top.sv(209): Module 'mult_gen_0' is not defined.
# ** Error: passive_top.sv(209): Module 'mult_gen_0' is not defined.
# ** Error: passive_top.sv(209): Module 'mult_gen_0' is not defined.
# ** Error: passive_top.sv(209): Module 'mult_gen_0' is not defined.
# ** Error: passive_top.sv(209): Module 'mult_gen_0' is not defined.
# ** Error: passive_top.sv(209): Module 'mult_gen_0' is not defined.
# ** Error: passive_top.sv(209): Module 'mult_gen_0' is not defined.
# ** Error: passive_top.sv(209): Module 'mult_gen_0' is not defined.
# ** Error: passive_top.sv(209): Module 'mult_gen_0' is not defined.
# ** Error: passive_top.sv(209): Module 'mult_gen_0' is not defined.
# ** Error: passive_top.sv(209): Module 'mult_gen_0' is not defined.
# ** Error: passive_top.sv(209): Module 'mult_gen_0' is not defined.
# ** Error: passive_top.sv(209): Module 'mult_gen_0' is not defined.
# ** Error: passive_top.sv(209): Module 'mult_gen_0' is not defined.
# ** Error: passive_top.sv(209): Module 'mult_gen_0' is not defined.
# ** Error: passive_top.sv(209): Module 'mult_gen_0' is not defined.
# ** Error: passive_top.sv(209): Module 'mult_gen_0' is not defined.
# ** Error: passive_top.sv(209): Module 'mult_gen_0' is not defined.
# ** Error: passive_top.sv(209): Module 'mult_gen_0' is not defined.
# ** Error: passive_top.sv(209): Module 'mult_gen_0' is not defined.
# ** Error: passive_top.sv(209): Module 'mult_gen_0' is not defined.
# ** Error: passive_top.sv(209): Module 'mult_gen_0' is not defined.
# ** Error: passive_top.sv(209): Module 'mult_gen_0' is not defined.
# ** Error: passive_top.sv(209): Module 'mult_gen_0' is not defined.
# Optimization failed
# ** Note: (vsim-12126) Error and warning message counts have been restored: Errors=257, Warnings=0.
# Error loading design
# Error: Error loading design
#        Pausing macro execution
# MACRO ./passive_alg_do.do PAUSED at line 3
# Compile of adder.sv was successful.
# Compile of adder_sub.sv was successful.
# Compile of bit_reverse.sv was successful.
# Compile of d_ff.sv was successful.
# Compile of fp_mul.sv was successful.
# Compile of LOD_a.sv was successful.
# Compile of multiplier.sv was successful.
# Compile of norm_l2_vec.sv was successful with warnings.
# Compile of nr_iteration.sv was successful.
# Compile of nr_pipeline_3iter.sv was successful.
# Compile of passive_alg_tb.sv was successful.
# Compile of passive_top.sv was successful with warnings.
# Compile of Phi.svh was successful.
# Compile of rsr.sv was successful.
# Compile of seed_generator.sv was successful.
# Compile of twos_comp_1cycle.sv was successful.
# 16 compiles, 0 failed with no errors.
# ** Error: Acs sdne.
# _o>Q  
#        Unable to replace existing ini file (C:/Users/GAD/Desktop/stm/Top/HDL/a.mpf).  File can not be renamed.
# ** Error: Acs sdne.
# 
#        Unable to replace existing ini file (C:/Users/GAD/Desktop/stm/Top/HDL/a.mpf).  File can not be renamed.
# ** Error: Acs sdne.
# 
#        Unable to replace existing ini file (C:/Users/GAD/Desktop/stm/Top/HDL/a.mpf).  File can not be renamed.
do passive_alg_do.do
# ** Warning: (vlib-34) Library already exists at "work".
# Errors: 0, Warnings: 1
# QuestaSim-64 vlog 2021.1 Compiler 2021.01 Jan 19 2021
# Start time: 07:01:43 on Feb 25,2026
# vlog -reportprogress 300 -suppress 2583 -svinputport=net -f run_list.txt 
# -- Compiling module LOD_a
# -- Compiling module rsr_top
# -- Compiling module adder
# -- Compiling module adder_sub
# -- Compiling module bit_reverse
# -- Compiling module d_ff
# -- Compiling module fp_mul
# -- Compiling module multiplier
# -- Compiling module norm_l2_vec
# -- Compiling module nr_iteration
# -- Compiling module nr_pipeline_3iter
# -- Compiling module passive_top_tb
# -- Compiling module passive_top
# -- Compiling module seed_generator
# -- Compiling module twos_comp_1cycle
# 
# Top level modules:
# 	adder_sub
# 	multiplier
# 	passive_top_tb
# End time: 07:01:43 on Feb 25,2026, Elapsed time: 0:00:00
# Errors: 0, Warnings: 0, Suppressed Warnings: 7
# vsim -voptargs="+acc" work.passive_top_tb -l sim.log 
# Start time: 07:01:27 on Feb 25,2026
# ** Note: (vsim-3812) Design is being optimized...
# ** Error: norm_l2_vec.sv(228): Module 'c_addsub_0' is not defined.
# ** Error: fp_mul.sv(24): Module 'mult_gen_0' is not defined.
# ** Error: nr_iteration.sv(99): Module 'mult_gen_0' is not defined.
# ** Error: passive_top.sv(121): Module 'c_addsub_0' is not defined.
# ** Error: passive_top.sv(121): Module 'c_addsub_0' is not defined.
# ** Error: passive_top.sv(121): Module 'c_addsub_0' is not defined.
# ** Error: passive_top.sv(121): Module 'c_addsub_0' is not defined.
# ** Error: passive_top.sv(121): Module 'c_addsub_0' is not defined.
# ** Error: passive_top.sv(121): Module 'c_addsub_0' is not defined.
# ** Error: passive_top.sv(121): Module 'c_addsub_0' is not defined.
# ** Error: passive_top.sv(121): Module 'c_addsub_0' is not defined.
# ** Error: passive_top.sv(121): Module 'c_addsub_0' is not defined.
# ** Error: passive_top.sv(121): Module 'c_addsub_0' is not defined.
# ** Error: passive_top.sv(121): Module 'c_addsub_0' is not defined.
# ** Error: passive_top.sv(121): Module 'c_addsub_0' is not defined.
# ** Error: passive_top.sv(121): Module 'c_addsub_0' is not defined.
# ** Error: passive_top.sv(121): Module 'c_addsub_0' is not defined.
# ** Error: passive_top.sv(121): Module 'c_addsub_0' is not defined.
# ** Error: passive_top.sv(121): Module 'c_addsub_0' is not defined.
# ** Error: passive_top.sv(121): Module 'c_addsub_0' is not defined.
# ** Error: passive_top.sv(121): Module 'c_addsub_0' is not defined.
# ** Error: passive_top.sv(121): Module 'c_addsub_0' is not defined.
# ** Error: passive_top.sv(121): Module 'c_addsub_0' is not defined.
# ** Error: passive_top.sv(121): Module 'c_addsub_0' is not defined.
# ** Error: passive_top.sv(121): Module 'c_addsub_0' is not defined.
# ** Error: passive_top.sv(121): Module 'c_addsub_0' is not defined.
# ** Error: passive_top.sv(121): Module 'c_addsub_0' is not defined.
# ** Error: passive_top.sv(121): Module 'c_addsub_0' is not defined.
# ** Error: passive_top.sv(121): Module 'c_addsub_0' is not defined.
# ** Error: passive_top.sv(121): Module 'c_addsub_0' is not defined.
# ** Error: passive_top.sv(121): Module 'c_addsub_0' is not defined.
# ** Error: passive_top.sv(121): Module 'c_addsub_0' is not defined.
# ** Error: passive_top.sv(121): Module 'c_addsub_0' is not defined.
# ** Error: passive_top.sv(121): Module 'c_addsub_0' is not defined.
# ** Error: passive_top.sv(121): Module 'c_addsub_0' is not defined.
# ** Error: passive_top.sv(121): Module 'c_addsub_0' is not defined.
# ** Error: passive_top.sv(121): Module 'c_addsub_0' is not defined.
# ** Error: passive_top.sv(121): Module 'c_addsub_0' is not defined.
# ** Error: passive_top.sv(121): Module 'c_addsub_0' is not defined.
# ** Error: passive_top.sv(121): Module 'c_addsub_0' is not defined.
# ** Error: passive_top.sv(121): Module 'c_addsub_0' is not defined.
# ** Error: passive_top.sv(121): Module 'c_addsub_0' is not defined.
# ** Error: passive_top.sv(121): Module 'c_addsub_0' is not defined.
# ** Error: passive_top.sv(121): Module 'c_addsub_0' is not defined.
# ** Error: passive_top.sv(121): Module 'c_addsub_0' is not defined.
# ** Error: passive_top.sv(121): Module 'c_addsub_0' is not defined.
# ** Error: passive_top.sv(121): Module 'c_addsub_0' is not defined.
# ** Error: passive_top.sv(121): Module 'c_addsub_0' is not defined.
# ** Error: passive_top.sv(121): Module 'c_addsub_0' is not defined.
# ** Error: passive_top.sv(121): Module 'c_addsub_0' is not defined.
# ** Error: passive_top.sv(121): Module 'c_addsub_0' is not defined.
# ** Error: passive_top.sv(121): Module 'c_addsub_0' is not defined.
# ** Error: passive_top.sv(121): Module 'c_addsub_0' is not defined.
# ** Error: passive_top.sv(121): Module 'c_addsub_0' is not defined.
# ** Error: passive_top.sv(121): Module 'c_addsub_0' is not defined.
# ** Error: passive_top.sv(121): Module 'c_addsub_0' is not defined.
# ** Error: passive_top.sv(121): Module 'c_addsub_0' is not defined.
# ** Error: passive_top.sv(121): Module 'c_addsub_0' is not defined.
# ** Error: passive_top.sv(121): Module 'c_addsub_0' is not defined.
# ** Error: passive_top.sv(121): Module 'c_addsub_0' is not defined.
# ** Error: passive_top.sv(121): Module 'c_addsub_0' is not defined.
# ** Error: passive_top.sv(121): Module 'c_addsub_0' is not defined.
# ** Error: passive_top.sv(121): Module 'c_addsub_0' is not defined.
# ** Error: passive_top.sv(121): Module 'c_addsub_0' is not defined.
# ** Error: passive_top.sv(121): Module 'c_addsub_0' is not defined.
# ** Error: passive_top.sv(121): Module 'c_addsub_0' is not defined.
# ** Error: passive_top.sv(121): Module 'c_addsub_0' is not defined.
# ** Error: norm_l2_vec.sv(34): Module 'mult_gen_0' is not defined.
# ** Error: norm_l2_vec.sv(34): Module 'mult_gen_0' is not defined.
# ** Error: norm_l2_vec.sv(34): Module 'mult_gen_0' is not defined.
# ** Error: norm_l2_vec.sv(34): Module 'mult_gen_0' is not defined.
# ** Error: norm_l2_vec.sv(34): Module 'mult_gen_0' is not defined.
# ** Error: norm_l2_vec.sv(34): Module 'mult_gen_0' is not defined.
# ** Error: norm_l2_vec.sv(34): Module 'mult_gen_0' is not defined.
# ** Error: norm_l2_vec.sv(34): Module 'mult_gen_0' is not defined.
# ** Error: norm_l2_vec.sv(34): Module 'mult_gen_0' is not defined.
# ** Error: norm_l2_vec.sv(34): Module 'mult_gen_0' is not defined.
# ** Error: norm_l2_vec.sv(34): Module 'mult_gen_0' is not defined.
# ** Error: norm_l2_vec.sv(34): Module 'mult_gen_0' is not defined.
# ** Error: norm_l2_vec.sv(34): Module 'mult_gen_0' is not defined.
# ** Error: norm_l2_vec.sv(34): Module 'mult_gen_0' is not defined.
# ** Error: norm_l2_vec.sv(34): Module 'mult_gen_0' is not defined.
# ** Error: norm_l2_vec.sv(34): Module 'mult_gen_0' is not defined.
# ** Error: norm_l2_vec.sv(34): Module 'mult_gen_0' is not defined.
# ** Error: norm_l2_vec.sv(34): Module 'mult_gen_0' is not defined.
# ** Error: norm_l2_vec.sv(34): Module 'mult_gen_0' is not defined.
# ** Error: norm_l2_vec.sv(34): Module 'mult_gen_0' is not defined.
# ** Error: norm_l2_vec.sv(34): Module 'mult_gen_0' is not defined.
# ** Error: norm_l2_vec.sv(34): Module 'mult_gen_0' is not defined.
# ** Error: norm_l2_vec.sv(34): Module 'mult_gen_0' is not defined.
# ** Error: norm_l2_vec.sv(34): Module 'mult_gen_0' is not defined.
# ** Error: norm_l2_vec.sv(34): Module 'mult_gen_0' is not defined.
# ** Error: norm_l2_vec.sv(34): Module 'mult_gen_0' is not defined.
# ** Error: norm_l2_vec.sv(34): Module 'mult_gen_0' is not defined.
# ** Error: norm_l2_vec.sv(34): Module 'mult_gen_0' is not defined.
# ** Error: norm_l2_vec.sv(34): Module 'mult_gen_0' is not defined.
# ** Error: norm_l2_vec.sv(34): Module 'mult_gen_0' is not defined.
# ** Error: norm_l2_vec.sv(34): Module 'mult_gen_0' is not defined.
# ** Error: norm_l2_vec.sv(34): Module 'mult_gen_0' is not defined.
# ** Error: norm_l2_vec.sv(34): Module 'mult_gen_0' is not defined.
# ** Error: norm_l2_vec.sv(34): Module 'mult_gen_0' is not defined.
# ** Error: norm_l2_vec.sv(34): Module 'mult_gen_0' is not defined.
# ** Error: norm_l2_vec.sv(34): Module 'mult_gen_0' is not defined.
# ** Error: norm_l2_vec.sv(34): Module 'mult_gen_0' is not defined.
# ** Error: norm_l2_vec.sv(34): Module 'mult_gen_0' is not defined.
# ** Error: norm_l2_vec.sv(34): Module 'mult_gen_0' is not defined.
# ** Error: norm_l2_vec.sv(34): Module 'mult_gen_0' is not defined.
# ** Error: norm_l2_vec.sv(34): Module 'mult_gen_0' is not defined.
# ** Error: norm_l2_vec.sv(34): Module 'mult_gen_0' is not defined.
# ** Error: norm_l2_vec.sv(34): Module 'mult_gen_0' is not defined.
# ** Error: norm_l2_vec.sv(34): Module 'mult_gen_0' is not defined.
# ** Error: norm_l2_vec.sv(34): Module 'mult_gen_0' is not defined.
# ** Error: norm_l2_vec.sv(34): Module 'mult_gen_0' is not defined.
# ** Error: norm_l2_vec.sv(34): Module 'mult_gen_0' is not defined.
# ** Error: norm_l2_vec.sv(34): Module 'mult_gen_0' is not defined.
# ** Error: norm_l2_vec.sv(34): Module 'mult_gen_0' is not defined.
# ** Error: norm_l2_vec.sv(34): Module 'mult_gen_0' is not defined.
# ** Error: norm_l2_vec.sv(34): Module 'mult_gen_0' is not defined.
# ** Error: norm_l2_vec.sv(34): Module 'mult_gen_0' is not defined.
# ** Error: norm_l2_vec.sv(34): Module 'mult_gen_0' is not defined.
# ** Error: norm_l2_vec.sv(34): Module 'mult_gen_0' is not defined.
# ** Error: norm_l2_vec.sv(34): Module 'mult_gen_0' is not defined.
# ** Error: norm_l2_vec.sv(34): Module 'mult_gen_0' is not defined.
# ** Error: norm_l2_vec.sv(34): Module 'mult_gen_0' is not defined.
# ** Error: norm_l2_vec.sv(34): Module 'mult_gen_0' is not defined.
# ** Error: norm_l2_vec.sv(34): Module 'mult_gen_0' is not defined.
# ** Error: norm_l2_vec.sv(34): Module 'mult_gen_0' is not defined.
# ** Error: norm_l2_vec.sv(34): Module 'mult_gen_0' is not defined.
# ** Error: norm_l2_vec.sv(34): Module 'mult_gen_0' is not defined.
# ** Error: norm_l2_vec.sv(34): Module 'mult_gen_0' is not defined.
# ** Error: norm_l2_vec.sv(34): Module 'mult_gen_0' is not defined.
# ** Error: norm_l2_vec.sv(78): Module 'c_addsub_0' is not defined.
# ** Error: norm_l2_vec.sv(78): Module 'c_addsub_0' is not defined.
# ** Error: norm_l2_vec.sv(78): Module 'c_addsub_0' is not defined.
# ** Error: norm_l2_vec.sv(78): Module 'c_addsub_0' is not defined.
# ** Error: norm_l2_vec.sv(78): Module 'c_addsub_0' is not defined.
# ** Error: norm_l2_vec.sv(78): Module 'c_addsub_0' is not defined.
# ** Error: norm_l2_vec.sv(78): Module 'c_addsub_0' is not defined.
# ** Error: norm_l2_vec.sv(78): Module 'c_addsub_0' is not defined.
# ** Error: norm_l2_vec.sv(78): Module 'c_addsub_0' is not defined.
# ** Error: norm_l2_vec.sv(78): Module 'c_addsub_0' is not defined.
# ** Error: norm_l2_vec.sv(78): Module 'c_addsub_0' is not defined.
# ** Error: norm_l2_vec.sv(78): Module 'c_addsub_0' is not defined.
# ** Error: norm_l2_vec.sv(78): Module 'c_addsub_0' is not defined.
# ** Error: norm_l2_vec.sv(78): Module 'c_addsub_0' is not defined.
# ** Error: norm_l2_vec.sv(78): Module 'c_addsub_0' is not defined.
# ** Error: norm_l2_vec.sv(78): Module 'c_addsub_0' is not defined.
# ** Error: norm_l2_vec.sv(78): Module 'c_addsub_0' is not defined.
# ** Error: norm_l2_vec.sv(78): Module 'c_addsub_0' is not defined.
# ** Error: norm_l2_vec.sv(78): Module 'c_addsub_0' is not defined.
# ** Error: norm_l2_vec.sv(78): Module 'c_addsub_0' is not defined.
# ** Error: norm_l2_vec.sv(78): Module 'c_addsub_0' is not defined.
# ** Error: norm_l2_vec.sv(78): Module 'c_addsub_0' is not defined.
# ** Error: norm_l2_vec.sv(78): Module 'c_addsub_0' is not defined.
# ** Error: norm_l2_vec.sv(78): Module 'c_addsub_0' is not defined.
# ** Error: norm_l2_vec.sv(78): Module 'c_addsub_0' is not defined.
# ** Error: norm_l2_vec.sv(78): Module 'c_addsub_0' is not defined.
# ** Error: norm_l2_vec.sv(78): Module 'c_addsub_0' is not defined.
# ** Error: norm_l2_vec.sv(78): Module 'c_addsub_0' is not defined.
# ** Error: norm_l2_vec.sv(78): Module 'c_addsub_0' is not defined.
# ** Error: norm_l2_vec.sv(78): Module 'c_addsub_0' is not defined.
# ** Error: norm_l2_vec.sv(78): Module 'c_addsub_0' is not defined.
# ** Error: norm_l2_vec.sv(78): Module 'c_addsub_0' is not defined.
# ** Error: norm_l2_vec.sv(100): Module 'c_addsub_0' is not defined.
# ** Error: norm_l2_vec.sv(100): Module 'c_addsub_0' is not defined.
# ** Error: norm_l2_vec.sv(100): Module 'c_addsub_0' is not defined.
# ** Error: norm_l2_vec.sv(100): Module 'c_addsub_0' is not defined.
# ** Error: norm_l2_vec.sv(100): Module 'c_addsub_0' is not defined.
# ** Error: norm_l2_vec.sv(100): Module 'c_addsub_0' is not defined.
# ** Error: norm_l2_vec.sv(100): Module 'c_addsub_0' is not defined.
# ** Error: norm_l2_vec.sv(100): Module 'c_addsub_0' is not defined.
# ** Error: norm_l2_vec.sv(100): Module 'c_addsub_0' is not defined.
# ** Error: norm_l2_vec.sv(100): Module 'c_addsub_0' is not defined.
# ** Error: norm_l2_vec.sv(100): Module 'c_addsub_0' is not defined.
# ** Error: norm_l2_vec.sv(100): Module 'c_addsub_0' is not defined.
# ** Error: norm_l2_vec.sv(100): Module 'c_addsub_0' is not defined.
# ** Error: norm_l2_vec.sv(100): Module 'c_addsub_0' is not defined.
# ** Error: norm_l2_vec.sv(100): Module 'c_addsub_0' is not defined.
# ** Error: norm_l2_vec.sv(100): Module 'c_addsub_0' is not defined.
# ** Error: norm_l2_vec.sv(143): Module 'c_addsub_0' is not defined.
# ** Error: norm_l2_vec.sv(143): Module 'c_addsub_0' is not defined.
# ** Error: norm_l2_vec.sv(143): Module 'c_addsub_0' is not defined.
# ** Error: norm_l2_vec.sv(143): Module 'c_addsub_0' is not defined.
# ** Error: norm_l2_vec.sv(143): Module 'c_addsub_0' is not defined.
# ** Error: norm_l2_vec.sv(143): Module 'c_addsub_0' is not defined.
# ** Error: norm_l2_vec.sv(143): Module 'c_addsub_0' is not defined.
# ** Error: norm_l2_vec.sv(143): Module 'c_addsub_0' is not defined.
# ** Error: norm_l2_vec.sv(166): Module 'c_addsub_0' is not defined.
# ** Error: norm_l2_vec.sv(166): Module 'c_addsub_0' is not defined.
# ** Error: norm_l2_vec.sv(166): Module 'c_addsub_0' is not defined.
# ** Error: norm_l2_vec.sv(166): Module 'c_addsub_0' is not defined.
# ** Error: norm_l2_vec.sv(208): Module 'c_addsub_0' is not defined.
# ** Error: norm_l2_vec.sv(208): Module 'c_addsub_0' is not defined.
# ** Error: passive_top.sv(209): Module 'mult_gen_0' is not defined.
# ** Error: passive_top.sv(209): Module 'mult_gen_0' is not defined.
# ** Error: passive_top.sv(209): Module 'mult_gen_0' is not defined.
# ** Error: passive_top.sv(209): Module 'mult_gen_0' is not defined.
# ** Error: passive_top.sv(209): Module 'mult_gen_0' is not defined.
# ** Error: passive_top.sv(209): Module 'mult_gen_0' is not defined.
# ** Error: passive_top.sv(209): Module 'mult_gen_0' is not defined.
# ** Error: passive_top.sv(209): Module 'mult_gen_0' is not defined.
# ** Error: passive_top.sv(209): Module 'mult_gen_0' is not defined.
# ** Error: passive_top.sv(209): Module 'mult_gen_0' is not defined.
# ** Error: passive_top.sv(209): Module 'mult_gen_0' is not defined.
# ** Error: passive_top.sv(209): Module 'mult_gen_0' is not defined.
# ** Error: passive_top.sv(209): Module 'mult_gen_0' is not defined.
# ** Error: passive_top.sv(209): Module 'mult_gen_0' is not defined.
# ** Error: passive_top.sv(209): Module 'mult_gen_0' is not defined.
# ** Error: passive_top.sv(209): Module 'mult_gen_0' is not defined.
# ** Error: passive_top.sv(209): Module 'mult_gen_0' is not defined.
# ** Error: passive_top.sv(209): Module 'mult_gen_0' is not defined.
# ** Error: passive_top.sv(209): Module 'mult_gen_0' is not defined.
# ** Error: passive_top.sv(209): Module 'mult_gen_0' is not defined.
# ** Error: passive_top.sv(209): Module 'mult_gen_0' is not defined.
# ** Error: passive_top.sv(209): Module 'mult_gen_0' is not defined.
# ** Error: passive_top.sv(209): Module 'mult_gen_0' is not defined.
# ** Error: passive_top.sv(209): Module 'mult_gen_0' is not defined.
# ** Error: passive_top.sv(209): Module 'mult_gen_0' is not defined.
# ** Error: passive_top.sv(209): Module 'mult_gen_0' is not defined.
# ** Error: passive_top.sv(209): Module 'mult_gen_0' is not defined.
# ** Error: passive_top.sv(209): Module 'mult_gen_0' is not defined.
# ** Error: passive_top.sv(209): Module 'mult_gen_0' is not defined.
# ** Error: passive_top.sv(209): Module 'mult_gen_0' is not defined.
# ** Error: passive_top.sv(209): Module 'mult_gen_0' is not defined.
# ** Error: passive_top.sv(209): Module 'mult_gen_0' is not defined.
# ** Error: passive_top.sv(209): Module 'mult_gen_0' is not defined.
# ** Error: passive_top.sv(209): Module 'mult_gen_0' is not defined.
# ** Error: passive_top.sv(209): Module 'mult_gen_0' is not defined.
# ** Error: passive_top.sv(209): Module 'mult_gen_0' is not defined.
# ** Error: passive_top.sv(209): Module 'mult_gen_0' is not defined.
# ** Error: passive_top.sv(209): Module 'mult_gen_0' is not defined.
# ** Error: passive_top.sv(209): Module 'mult_gen_0' is not defined.
# ** Error: passive_top.sv(209): Module 'mult_gen_0' is not defined.
# ** Error: passive_top.sv(209): Module 'mult_gen_0' is not defined.
# ** Error: passive_top.sv(209): Module 'mult_gen_0' is not defined.
# ** Error: passive_top.sv(209): Module 'mult_gen_0' is not defined.
# ** Error: passive_top.sv(209): Module 'mult_gen_0' is not defined.
# ** Error: passive_top.sv(209): Module 'mult_gen_0' is not defined.
# ** Error: passive_top.sv(209): Module 'mult_gen_0' is not defined.
# ** Error: passive_top.sv(209): Module 'mult_gen_0' is not defined.
# ** Error: passive_top.sv(209): Module 'mult_gen_0' is not defined.
# ** Error: passive_top.sv(209): Module 'mult_gen_0' is not defined.
# ** Error: passive_top.sv(209): Module 'mult_gen_0' is not defined.
# ** Error: passive_top.sv(209): Module 'mult_gen_0' is not defined.
# ** Error: passive_top.sv(209): Module 'mult_gen_0' is not defined.
# ** Error: passive_top.sv(209): Module 'mult_gen_0' is not defined.
# ** Error: passive_top.sv(209): Module 'mult_gen_0' is not defined.
# ** Error: passive_top.sv(209): Module 'mult_gen_0' is not defined.
# ** Error: passive_top.sv(209): Module 'mult_gen_0' is not defined.
# ** Error: passive_top.sv(209): Module 'mult_gen_0' is not defined.
# ** Error: passive_top.sv(209): Module 'mult_gen_0' is not defined.
# ** Error: passive_top.sv(209): Module 'mult_gen_0' is not defined.
# ** Error: passive_top.sv(209): Module 'mult_gen_0' is not defined.
# ** Error: passive_top.sv(209): Module 'mult_gen_0' is not defined.
# ** Error: passive_top.sv(209): Module 'mult_gen_0' is not defined.
# ** Error: passive_top.sv(209): Module 'mult_gen_0' is not defined.
# ** Error: passive_top.sv(209): Module 'mult_gen_0' is not defined.
# Optimization failed
# ** Note: (vsim-12126) Error and warning message counts have been restored: Errors=514, Warnings=0.
# Error loading design
# Error: Error loading design
#        Pausing macro execution
# MACRO ./passive_alg_do.do PAUSED at line 3
# Compile of adder.sv was successful.
# Compile of adder_sub.sv was successful.
# Compile of bit_reverse.sv was successful.
# Compile of d_ff.sv was successful.
# Compile of fp_mul.sv was successful.
# Compile of LOD_a.sv was successful.
# Compile of multiplier.sv was successful.
# Compile of norm_l2_vec.sv was successful with warnings.
# Compile of nr_iteration.sv was successful.
# Compile of nr_pipeline_3iter.sv was successful.
# Compile of passive_alg_tb.sv was successful.
# Compile of passive_top.sv was successful with warnings.
# Compile of Phi.svh was successful.
# Compile of rsr.sv was successful.
# Compile of seed_generator.sv was successful.
# Compile of twos_comp_1cycle.sv was successful.
# 16 compiles, 0 failed with no errors.
# ** Error: Acs sdne.
# $
#        Unable to replace existing ini file (C:/Users/GAD/Desktop/stm/Top/HDL/a.mpf).  File can not be renamed.
# ** Error: Acs sdne.
# $
#        Unable to replace existing ini file (C:/Users/GAD/Desktop/stm/Top/HDL/a.mpf).  File can not be renamed.
# ** Error: Acs sdne.
# 
#        Unable to replace existing ini file (C:/Users/GAD/Desktop/stm/Top/HDL/a.mpf).  File can not be renamed.
do passive_alg_do.do
# ** Warning: (vlib-34) Library already exists at "work".
# Errors: 0, Warnings: 1
# QuestaSim-64 vlog 2021.1 Compiler 2021.01 Jan 19 2021
# Start time: 07:02:17 on Feb 25,2026
# vlog -reportprogress 300 -suppress 2583 -svinputport=net -f run_list.txt 
# -- Compiling module LOD_a
# -- Compiling module rsr_top
# -- Compiling module adder
# -- Compiling module adder_sub
# -- Compiling module bit_reverse
# -- Compiling module d_ff
# -- Compiling module fp_mul
# -- Compiling module multiplier
# -- Compiling module norm_l2_vec
# -- Compiling module nr_iteration
# -- Compiling module nr_pipeline_3iter
# -- Compiling module passive_top_tb
# -- Compiling module passive_top
# -- Compiling module seed_generator
# -- Compiling module twos_comp_1cycle
# 
# Top level modules:
# 	passive_top_tb
# End time: 07:02:17 on Feb 25,2026, Elapsed time: 0:00:00
# Errors: 0, Warnings: 0, Suppressed Warnings: 7
# vsim -voptargs="+acc" work.passive_top_tb -l sim.log 
# Start time: 07:01:27 on Feb 25,2026
# ** Note: (vsim-3812) Design is being optimized...
# ** Error: norm_l2_vec.sv(228): Module 'c_addsub_0' is not defined.
# ** Error: fp_mul.sv(24): Module 'mult_gen_0' is not defined.
# ** Error: nr_iteration.sv(99): Module 'mult_gen_0' is not defined.
# ** Error: norm_l2_vec.sv(34): Module 'mult_gen_0' is not defined.
# ** Error: norm_l2_vec.sv(34): Module 'mult_gen_0' is not defined.
# ** Error: norm_l2_vec.sv(34): Module 'mult_gen_0' is not defined.
# ** Error: norm_l2_vec.sv(34): Module 'mult_gen_0' is not defined.
# ** Error: norm_l2_vec.sv(34): Module 'mult_gen_0' is not defined.
# ** Error: norm_l2_vec.sv(34): Module 'mult_gen_0' is not defined.
# ** Error: norm_l2_vec.sv(34): Module 'mult_gen_0' is not defined.
# ** Error: norm_l2_vec.sv(34): Module 'mult_gen_0' is not defined.
# ** Error: norm_l2_vec.sv(34): Module 'mult_gen_0' is not defined.
# ** Error: norm_l2_vec.sv(34): Module 'mult_gen_0' is not defined.
# ** Error: norm_l2_vec.sv(34): Module 'mult_gen_0' is not defined.
# ** Error: norm_l2_vec.sv(34): Module 'mult_gen_0' is not defined.
# ** Error: norm_l2_vec.sv(34): Module 'mult_gen_0' is not defined.
# ** Error: norm_l2_vec.sv(34): Module 'mult_gen_0' is not defined.
# ** Error: norm_l2_vec.sv(34): Module 'mult_gen_0' is not defined.
# ** Error: norm_l2_vec.sv(34): Module 'mult_gen_0' is not defined.
# ** Error: norm_l2_vec.sv(34): Module 'mult_gen_0' is not defined.
# ** Error: norm_l2_vec.sv(34): Module 'mult_gen_0' is not defined.
# ** Error: norm_l2_vec.sv(34): Module 'mult_gen_0' is not defined.
# ** Error: norm_l2_vec.sv(34): Module 'mult_gen_0' is not defined.
# ** Error: norm_l2_vec.sv(34): Module 'mult_gen_0' is not defined.
# ** Error: norm_l2_vec.sv(34): Module 'mult_gen_0' is not defined.
# ** Error: norm_l2_vec.sv(34): Module 'mult_gen_0' is not defined.
# ** Error: norm_l2_vec.sv(34): Module 'mult_gen_0' is not defined.
# ** Error: norm_l2_vec.sv(34): Module 'mult_gen_0' is not defined.
# ** Error: norm_l2_vec.sv(34): Module 'mult_gen_0' is not defined.
# ** Error: norm_l2_vec.sv(34): Module 'mult_gen_0' is not defined.
# ** Error: norm_l2_vec.sv(34): Module 'mult_gen_0' is not defined.
# ** Error: norm_l2_vec.sv(34): Module 'mult_gen_0' is not defined.
# ** Error: norm_l2_vec.sv(34): Module 'mult_gen_0' is not defined.
# ** Error: norm_l2_vec.sv(34): Module 'mult_gen_0' is not defined.
# ** Error: norm_l2_vec.sv(34): Module 'mult_gen_0' is not defined.
# ** Error: norm_l2_vec.sv(34): Module 'mult_gen_0' is not defined.
# ** Error: norm_l2_vec.sv(34): Module 'mult_gen_0' is not defined.
# ** Error: norm_l2_vec.sv(34): Module 'mult_gen_0' is not defined.
# ** Error: norm_l2_vec.sv(34): Module 'mult_gen_0' is not defined.
# ** Error: norm_l2_vec.sv(34): Module 'mult_gen_0' is not defined.
# ** Error: norm_l2_vec.sv(34): Module 'mult_gen_0' is not defined.
# ** Error: norm_l2_vec.sv(34): Module 'mult_gen_0' is not defined.
# ** Error: norm_l2_vec.sv(34): Module 'mult_gen_0' is not defined.
# ** Error: norm_l2_vec.sv(34): Module 'mult_gen_0' is not defined.
# ** Error: norm_l2_vec.sv(34): Module 'mult_gen_0' is not defined.
# ** Error: norm_l2_vec.sv(34): Module 'mult_gen_0' is not defined.
# ** Error: norm_l2_vec.sv(34): Module 'mult_gen_0' is not defined.
# ** Error: norm_l2_vec.sv(34): Module 'mult_gen_0' is not defined.
# ** Error: norm_l2_vec.sv(34): Module 'mult_gen_0' is not defined.
# ** Error: norm_l2_vec.sv(34): Module 'mult_gen_0' is not defined.
# ** Error: norm_l2_vec.sv(34): Module 'mult_gen_0' is not defined.
# ** Error: norm_l2_vec.sv(34): Module 'mult_gen_0' is not defined.
# ** Error: norm_l2_vec.sv(34): Module 'mult_gen_0' is not defined.
# ** Error: norm_l2_vec.sv(34): Module 'mult_gen_0' is not defined.
# ** Error: norm_l2_vec.sv(34): Module 'mult_gen_0' is not defined.
# ** Error: norm_l2_vec.sv(34): Module 'mult_gen_0' is not defined.
# ** Error: norm_l2_vec.sv(34): Module 'mult_gen_0' is not defined.
# ** Error: norm_l2_vec.sv(34): Module 'mult_gen_0' is not defined.
# ** Error: norm_l2_vec.sv(34): Module 'mult_gen_0' is not defined.
# ** Error: norm_l2_vec.sv(34): Module 'mult_gen_0' is not defined.
# ** Error: norm_l2_vec.sv(34): Module 'mult_gen_0' is not defined.
# ** Error: norm_l2_vec.sv(34): Module 'mult_gen_0' is not defined.
# ** Error: norm_l2_vec.sv(34): Module 'mult_gen_0' is not defined.
# ** Error: norm_l2_vec.sv(34): Module 'mult_gen_0' is not defined.
# ** Error: norm_l2_vec.sv(34): Module 'mult_gen_0' is not defined.
# ** Error: norm_l2_vec.sv(34): Module 'mult_gen_0' is not defined.
# ** Error: norm_l2_vec.sv(34): Module 'mult_gen_0' is not defined.
# ** Error: norm_l2_vec.sv(78): Module 'c_addsub_0' is not defined.
# ** Error: norm_l2_vec.sv(78): Module 'c_addsub_0' is not defined.
# ** Error: norm_l2_vec.sv(78): Module 'c_addsub_0' is not defined.
# ** Error: norm_l2_vec.sv(78): Module 'c_addsub_0' is not defined.
# ** Error: norm_l2_vec.sv(78): Module 'c_addsub_0' is not defined.
# ** Error: norm_l2_vec.sv(78): Module 'c_addsub_0' is not defined.
# ** Error: norm_l2_vec.sv(78): Module 'c_addsub_0' is not defined.
# ** Error: norm_l2_vec.sv(78): Module 'c_addsub_0' is not defined.
# ** Error: norm_l2_vec.sv(78): Module 'c_addsub_0' is not defined.
# ** Error: norm_l2_vec.sv(78): Module 'c_addsub_0' is not defined.
# ** Error: norm_l2_vec.sv(78): Module 'c_addsub_0' is not defined.
# ** Error: norm_l2_vec.sv(78): Module 'c_addsub_0' is not defined.
# ** Error: norm_l2_vec.sv(78): Module 'c_addsub_0' is not defined.
# ** Error: norm_l2_vec.sv(78): Module 'c_addsub_0' is not defined.
# ** Error: norm_l2_vec.sv(78): Module 'c_addsub_0' is not defined.
# ** Error: norm_l2_vec.sv(78): Module 'c_addsub_0' is not defined.
# ** Error: norm_l2_vec.sv(78): Module 'c_addsub_0' is not defined.
# ** Error: norm_l2_vec.sv(78): Module 'c_addsub_0' is not defined.
# ** Error: norm_l2_vec.sv(78): Module 'c_addsub_0' is not defined.
# ** Error: norm_l2_vec.sv(78): Module 'c_addsub_0' is not defined.
# ** Error: norm_l2_vec.sv(78): Module 'c_addsub_0' is not defined.
# ** Error: norm_l2_vec.sv(78): Module 'c_addsub_0' is not defined.
# ** Error: norm_l2_vec.sv(78): Module 'c_addsub_0' is not defined.
# ** Error: norm_l2_vec.sv(78): Module 'c_addsub_0' is not defined.
# ** Error: norm_l2_vec.sv(78): Module 'c_addsub_0' is not defined.
# ** Error: norm_l2_vec.sv(78): Module 'c_addsub_0' is not defined.
# ** Error: norm_l2_vec.sv(78): Module 'c_addsub_0' is not defined.
# ** Error: norm_l2_vec.sv(78): Module 'c_addsub_0' is not defined.
# ** Error: norm_l2_vec.sv(78): Module 'c_addsub_0' is not defined.
# ** Error: norm_l2_vec.sv(78): Module 'c_addsub_0' is not defined.
# ** Error: norm_l2_vec.sv(78): Module 'c_addsub_0' is not defined.
# ** Error: norm_l2_vec.sv(78): Module 'c_addsub_0' is not defined.
# ** Error: norm_l2_vec.sv(100): Module 'c_addsub_0' is not defined.
# ** Error: norm_l2_vec.sv(100): Module 'c_addsub_0' is not defined.
# ** Error: norm_l2_vec.sv(100): Module 'c_addsub_0' is not defined.
# ** Error: norm_l2_vec.sv(100): Module 'c_addsub_0' is not defined.
# ** Error: norm_l2_vec.sv(100): Module 'c_addsub_0' is not defined.
# ** Error: norm_l2_vec.sv(100): Module 'c_addsub_0' is not defined.
# ** Error: norm_l2_vec.sv(100): Module 'c_addsub_0' is not defined.
# ** Error: norm_l2_vec.sv(100): Module 'c_addsub_0' is not defined.
# ** Error: norm_l2_vec.sv(100): Module 'c_addsub_0' is not defined.
# ** Error: norm_l2_vec.sv(100): Module 'c_addsub_0' is not defined.
# ** Error: norm_l2_vec.sv(100): Module 'c_addsub_0' is not defined.
# ** Error: norm_l2_vec.sv(100): Module 'c_addsub_0' is not defined.
# ** Error: norm_l2_vec.sv(100): Module 'c_addsub_0' is not defined.
# ** Error: norm_l2_vec.sv(100): Module 'c_addsub_0' is not defined.
# ** Error: norm_l2_vec.sv(100): Module 'c_addsub_0' is not defined.
# ** Error: norm_l2_vec.sv(100): Module 'c_addsub_0' is not defined.
# ** Error: norm_l2_vec.sv(143): Module 'c_addsub_0' is not defined.
# ** Error: norm_l2_vec.sv(143): Module 'c_addsub_0' is not defined.
# ** Error: norm_l2_vec.sv(143): Module 'c_addsub_0' is not defined.
# ** Error: norm_l2_vec.sv(143): Module 'c_addsub_0' is not defined.
# ** Error: norm_l2_vec.sv(143): Module 'c_addsub_0' is not defined.
# ** Error: norm_l2_vec.sv(143): Module 'c_addsub_0' is not defined.
# ** Error: norm_l2_vec.sv(143): Module 'c_addsub_0' is not defined.
# ** Error: norm_l2_vec.sv(143): Module 'c_addsub_0' is not defined.
# ** Error: norm_l2_vec.sv(166): Module 'c_addsub_0' is not defined.
# ** Error: norm_l2_vec.sv(166): Module 'c_addsub_0' is not defined.
# ** Error: norm_l2_vec.sv(166): Module 'c_addsub_0' is not defined.
# ** Error: norm_l2_vec.sv(166): Module 'c_addsub_0' is not defined.
# ** Error: norm_l2_vec.sv(208): Module 'c_addsub_0' is not defined.
# ** Error: norm_l2_vec.sv(208): Module 'c_addsub_0' is not defined.
# Optimization failed
# ** Note: (vsim-12126) Error and warning message counts have been restored: Errors=643, Warnings=0.
# Error loading design
# Error: Error loading design
#        Pausing macro execution
# MACRO ./passive_alg_do.do PAUSED at line 3
do passive_alg_do.do
# ** Warning: (vlib-34) Library already exists at "work".
# Errors: 0, Warnings: 1
# QuestaSim-64 vlog 2021.1 Compiler 2021.01 Jan 19 2021
# Start time: 07:02:46 on Feb 25,2026
# vlog -reportprogress 300 -suppress 2583 -svinputport=net -f run_list.txt 
# -- Compiling module LOD_a
# -- Compiling module rsr_top
# -- Compiling module adder
# -- Compiling module adder_sub
# -- Compiling module bit_reverse
# -- Compiling module d_ff
# -- Compiling module fp_mul
# -- Compiling module multiplier
# -- Compiling module norm_l2_vec
# -- Compiling module nr_iteration
# -- Compiling module nr_pipeline_3iter
# -- Compiling module passive_top_tb
# -- Compiling module passive_top
# -- Compiling module seed_generator
# -- Compiling module twos_comp_1cycle
# 
# Top level modules:
# 	passive_top_tb
# End time: 07:02:46 on Feb 25,2026, Elapsed time: 0:00:00
# Errors: 0, Warnings: 0, Suppressed Warnings: 7
# vsim -voptargs="+acc" work.passive_top_tb -l sim.log 
# Start time: 07:01:27 on Feb 25,2026
# ** Note: (vsim-3812) Design is being optimized...
# ** Error: norm_l2_vec.sv(228): Module 'c_addsub_0' is not defined.
# ** Error: norm_l2_vec.sv(34): Module 'mult_gen_0' is not defined.
# ** Error: norm_l2_vec.sv(34): Module 'mult_gen_0' is not defined.
# ** Error: norm_l2_vec.sv(34): Module 'mult_gen_0' is not defined.
# ** Error: norm_l2_vec.sv(34): Module 'mult_gen_0' is not defined.
# ** Error: norm_l2_vec.sv(34): Module 'mult_gen_0' is not defined.
# ** Error: norm_l2_vec.sv(34): Module 'mult_gen_0' is not defined.
# ** Error: norm_l2_vec.sv(34): Module 'mult_gen_0' is not defined.
# ** Error: norm_l2_vec.sv(34): Module 'mult_gen_0' is not defined.
# ** Error: norm_l2_vec.sv(34): Module 'mult_gen_0' is not defined.
# ** Error: norm_l2_vec.sv(34): Module 'mult_gen_0' is not defined.
# ** Error: norm_l2_vec.sv(34): Module 'mult_gen_0' is not defined.
# ** Error: norm_l2_vec.sv(34): Module 'mult_gen_0' is not defined.
# ** Error: norm_l2_vec.sv(34): Module 'mult_gen_0' is not defined.
# ** Error: norm_l2_vec.sv(34): Module 'mult_gen_0' is not defined.
# ** Error: norm_l2_vec.sv(34): Module 'mult_gen_0' is not defined.
# ** Error: norm_l2_vec.sv(34): Module 'mult_gen_0' is not defined.
# ** Error: norm_l2_vec.sv(34): Module 'mult_gen_0' is not defined.
# ** Error: norm_l2_vec.sv(34): Module 'mult_gen_0' is not defined.
# ** Error: norm_l2_vec.sv(34): Module 'mult_gen_0' is not defined.
# ** Error: norm_l2_vec.sv(34): Module 'mult_gen_0' is not defined.
# ** Error: norm_l2_vec.sv(34): Module 'mult_gen_0' is not defined.
# ** Error: norm_l2_vec.sv(34): Module 'mult_gen_0' is not defined.
# ** Error: norm_l2_vec.sv(34): Module 'mult_gen_0' is not defined.
# ** Error: norm_l2_vec.sv(34): Module 'mult_gen_0' is not defined.
# ** Error: norm_l2_vec.sv(34): Module 'mult_gen_0' is not defined.
# ** Error: norm_l2_vec.sv(34): Module 'mult_gen_0' is not defined.
# ** Error: norm_l2_vec.sv(34): Module 'mult_gen_0' is not defined.
# ** Error: norm_l2_vec.sv(34): Module 'mult_gen_0' is not defined.
# ** Error: norm_l2_vec.sv(34): Module 'mult_gen_0' is not defined.
# ** Error: norm_l2_vec.sv(34): Module 'mult_gen_0' is not defined.
# ** Error: norm_l2_vec.sv(34): Module 'mult_gen_0' is not defined.
# ** Error: norm_l2_vec.sv(34): Module 'mult_gen_0' is not defined.
# ** Error: norm_l2_vec.sv(34): Module 'mult_gen_0' is not defined.
# ** Error: norm_l2_vec.sv(34): Module 'mult_gen_0' is not defined.
# ** Error: norm_l2_vec.sv(34): Module 'mult_gen_0' is not defined.
# ** Error: norm_l2_vec.sv(34): Module 'mult_gen_0' is not defined.
# ** Error: norm_l2_vec.sv(34): Module 'mult_gen_0' is not defined.
# ** Error: norm_l2_vec.sv(34): Module 'mult_gen_0' is not defined.
# ** Error: norm_l2_vec.sv(34): Module 'mult_gen_0' is not defined.
# ** Error: norm_l2_vec.sv(34): Module 'mult_gen_0' is not defined.
# ** Error: norm_l2_vec.sv(34): Module 'mult_gen_0' is not defined.
# ** Error: norm_l2_vec.sv(34): Module 'mult_gen_0' is not defined.
# ** Error: norm_l2_vec.sv(34): Module 'mult_gen_0' is not defined.
# ** Error: norm_l2_vec.sv(34): Module 'mult_gen_0' is not defined.
# ** Error: norm_l2_vec.sv(34): Module 'mult_gen_0' is not defined.
# ** Error: norm_l2_vec.sv(34): Module 'mult_gen_0' is not defined.
# ** Error: norm_l2_vec.sv(34): Module 'mult_gen_0' is not defined.
# ** Error: norm_l2_vec.sv(34): Module 'mult_gen_0' is not defined.
# ** Error: norm_l2_vec.sv(34): Module 'mult_gen_0' is not defined.
# ** Error: norm_l2_vec.sv(34): Module 'mult_gen_0' is not defined.
# ** Error: norm_l2_vec.sv(34): Module 'mult_gen_0' is not defined.
# ** Error: norm_l2_vec.sv(34): Module 'mult_gen_0' is not defined.
# ** Error: norm_l2_vec.sv(34): Module 'mult_gen_0' is not defined.
# ** Error: norm_l2_vec.sv(34): Module 'mult_gen_0' is not defined.
# ** Error: norm_l2_vec.sv(34): Module 'mult_gen_0' is not defined.
# ** Error: norm_l2_vec.sv(34): Module 'mult_gen_0' is not defined.
# ** Error: norm_l2_vec.sv(34): Module 'mult_gen_0' is not defined.
# ** Error: norm_l2_vec.sv(34): Module 'mult_gen_0' is not defined.
# ** Error: norm_l2_vec.sv(34): Module 'mult_gen_0' is not defined.
# ** Error: norm_l2_vec.sv(34): Module 'mult_gen_0' is not defined.
# ** Error: norm_l2_vec.sv(34): Module 'mult_gen_0' is not defined.
# ** Error: norm_l2_vec.sv(34): Module 'mult_gen_0' is not defined.
# ** Error: norm_l2_vec.sv(34): Module 'mult_gen_0' is not defined.
# ** Error: norm_l2_vec.sv(34): Module 'mult_gen_0' is not defined.
# ** Error: norm_l2_vec.sv(78): Module 'c_addsub_0' is not defined.
# ** Error: norm_l2_vec.sv(78): Module 'c_addsub_0' is not defined.
# ** Error: norm_l2_vec.sv(78): Module 'c_addsub_0' is not defined.
# ** Error: norm_l2_vec.sv(78): Module 'c_addsub_0' is not defined.
# ** Error: norm_l2_vec.sv(78): Module 'c_addsub_0' is not defined.
# ** Error: norm_l2_vec.sv(78): Module 'c_addsub_0' is not defined.
# ** Error: norm_l2_vec.sv(78): Module 'c_addsub_0' is not defined.
# ** Error: norm_l2_vec.sv(78): Module 'c_addsub_0' is not defined.
# ** Error: norm_l2_vec.sv(78): Module 'c_addsub_0' is not defined.
# ** Error: norm_l2_vec.sv(78): Module 'c_addsub_0' is not defined.
# ** Error: norm_l2_vec.sv(78): Module 'c_addsub_0' is not defined.
# ** Error: norm_l2_vec.sv(78): Module 'c_addsub_0' is not defined.
# ** Error: norm_l2_vec.sv(78): Module 'c_addsub_0' is not defined.
# ** Error: norm_l2_vec.sv(78): Module 'c_addsub_0' is not defined.
# ** Error: norm_l2_vec.sv(78): Module 'c_addsub_0' is not defined.
# ** Error: norm_l2_vec.sv(78): Module 'c_addsub_0' is not defined.
# ** Error: norm_l2_vec.sv(78): Module 'c_addsub_0' is not defined.
# ** Error: norm_l2_vec.sv(78): Module 'c_addsub_0' is not defined.
# ** Error: norm_l2_vec.sv(78): Module 'c_addsub_0' is not defined.
# ** Error: norm_l2_vec.sv(78): Module 'c_addsub_0' is not defined.
# ** Error: norm_l2_vec.sv(78): Module 'c_addsub_0' is not defined.
# ** Error: norm_l2_vec.sv(78): Module 'c_addsub_0' is not defined.
# ** Error: norm_l2_vec.sv(78): Module 'c_addsub_0' is not defined.
# ** Error: norm_l2_vec.sv(78): Module 'c_addsub_0' is not defined.
# ** Error: norm_l2_vec.sv(78): Module 'c_addsub_0' is not defined.
# ** Error: norm_l2_vec.sv(78): Module 'c_addsub_0' is not defined.
# ** Error: norm_l2_vec.sv(78): Module 'c_addsub_0' is not defined.
# ** Error: norm_l2_vec.sv(78): Module 'c_addsub_0' is not defined.
# ** Error: norm_l2_vec.sv(78): Module 'c_addsub_0' is not defined.
# ** Error: norm_l2_vec.sv(78): Module 'c_addsub_0' is not defined.
# ** Error: norm_l2_vec.sv(78): Module 'c_addsub_0' is not defined.
# ** Error: norm_l2_vec.sv(78): Module 'c_addsub_0' is not defined.
# ** Error: norm_l2_vec.sv(100): Module 'c_addsub_0' is not defined.
# ** Error: norm_l2_vec.sv(100): Module 'c_addsub_0' is not defined.
# ** Error: norm_l2_vec.sv(100): Module 'c_addsub_0' is not defined.
# ** Error: norm_l2_vec.sv(100): Module 'c_addsub_0' is not defined.
# ** Error: norm_l2_vec.sv(100): Module 'c_addsub_0' is not defined.
# ** Error: norm_l2_vec.sv(100): Module 'c_addsub_0' is not defined.
# ** Error: norm_l2_vec.sv(100): Module 'c_addsub_0' is not defined.
# ** Error: norm_l2_vec.sv(100): Module 'c_addsub_0' is not defined.
# ** Error: norm_l2_vec.sv(100): Module 'c_addsub_0' is not defined.
# ** Error: norm_l2_vec.sv(100): Module 'c_addsub_0' is not defined.
# ** Error: norm_l2_vec.sv(100): Module 'c_addsub_0' is not defined.
# ** Error: norm_l2_vec.sv(100): Module 'c_addsub_0' is not defined.
# ** Error: norm_l2_vec.sv(100): Module 'c_addsub_0' is not defined.
# ** Error: norm_l2_vec.sv(100): Module 'c_addsub_0' is not defined.
# ** Error: norm_l2_vec.sv(100): Module 'c_addsub_0' is not defined.
# ** Error: norm_l2_vec.sv(100): Module 'c_addsub_0' is not defined.
# ** Error: norm_l2_vec.sv(143): Module 'c_addsub_0' is not defined.
# ** Error: norm_l2_vec.sv(143): Module 'c_addsub_0' is not defined.
# ** Error: norm_l2_vec.sv(143): Module 'c_addsub_0' is not defined.
# ** Error: norm_l2_vec.sv(143): Module 'c_addsub_0' is not defined.
# ** Error: norm_l2_vec.sv(143): Module 'c_addsub_0' is not defined.
# ** Error: norm_l2_vec.sv(143): Module 'c_addsub_0' is not defined.
# ** Error: norm_l2_vec.sv(143): Module 'c_addsub_0' is not defined.
# ** Error: norm_l2_vec.sv(143): Module 'c_addsub_0' is not defined.
# ** Error: norm_l2_vec.sv(166): Module 'c_addsub_0' is not defined.
# ** Error: norm_l2_vec.sv(166): Module 'c_addsub_0' is not defined.
# ** Error: norm_l2_vec.sv(166): Module 'c_addsub_0' is not defined.
# ** Error: norm_l2_vec.sv(166): Module 'c_addsub_0' is not defined.
# ** Error: norm_l2_vec.sv(208): Module 'c_addsub_0' is not defined.
# ** Error: norm_l2_vec.sv(208): Module 'c_addsub_0' is not defined.
# Optimization failed
# ** Note: (vsim-12126) Error and warning message counts have been restored: Errors=770, Warnings=0.
# Error loading design
# Error: Error loading design
#        Pausing macro execution
# MACRO ./passive_alg_do.do PAUSED at line 3
do passive_alg_do.do
# ** Warning: (vlib-34) Library already exists at "work".
# Errors: 0, Warnings: 1
# QuestaSim-64 vlog 2021.1 Compiler 2021.01 Jan 19 2021
# Start time: 07:03:29 on Feb 25,2026
# vlog -reportprogress 300 -suppress 2583 -svinputport=net -f run_list.txt 
# -- Compiling module LOD_a
# -- Compiling module rsr_top
# -- Compiling module adder
# -- Compiling module adder_sub
# -- Compiling module bit_reverse
# -- Compiling module d_ff
# -- Compiling module fp_mul
# -- Compiling module multiplier
# -- Compiling module norm_l2_vec
# -- Compiling module nr_iteration
# -- Compiling module nr_pipeline_3iter
# -- Compiling module passive_top_tb
# -- Compiling module passive_top
# -- Compiling module seed_generator
# -- Compiling module twos_comp_1cycle
# 
# Top level modules:
# 	passive_top_tb
# End time: 07:03:29 on Feb 25,2026, Elapsed time: 0:00:00
# Errors: 0, Warnings: 0, Suppressed Warnings: 7
# vsim -voptargs="+acc" work.passive_top_tb -l sim.log 
# Start time: 07:01:27 on Feb 25,2026
# ** Note: (vsim-3812) Design is being optimized...
# Loading sv_std.std
# Loading work.passive_top_tb(fast)
# Loading work.passive_top(fast)
# Loading work.d_ff(fast)
# Loading work.adder_sub(fast)
# Loading work.adder(fast)
# Loading work.norm_l2_vec(fast)
# Loading work.multiplier(fast)
# Loading work.rsr_top(fast)
# Loading work.LOD_a(fast)
# Loading work.bit_reverse(fast)
# Loading work.twos_comp_1cycle(fast)
# Loading work.seed_generator(fast)
# Loading work.nr_pipeline_3iter(fast)
# Loading work.nr_iteration(fast)
# Loading work.fp_mul(fast)
# ** Warning: (vsim-3015) [PCDPC] - Port size (18) does not match connection size (1) for port 'd_in'. The port definition is at: d_ff.sv(6).
#    Time: 0 ns  Iteration: 0  Instance: /passive_top_tb/PASSIVE_ALG/ff_med2_instans[0]/D1 File: passive_top.sv Line: 106
# ** Warning: (vsim-3015) [PCDPC] - Port size (18) does not match connection size (1) for port 'd_out'. The port definition is at: d_ff.sv(7).
#    Time: 0 ns  Iteration: 0  Instance: /passive_top_tb/PASSIVE_ALG/ff_med2_instans[0]/D1 File: passive_top.sv Line: 106
# ** Warning: (vsim-3015) [PCDPC] - Port size (18) does not match connection size (1) for port 'd_in'. The port definition is at: d_ff.sv(6).
#    Time: 0 ns  Iteration: 0  Instance: /passive_top_tb/PASSIVE_ALG/ff_med2_instans[1]/D1 File: passive_top.sv Line: 106
# ** Warning: (vsim-3015) [PCDPC] - Port size (18) does not match connection size (1) for port 'd_out'. The port definition is at: d_ff.sv(7).
#    Time: 0 ns  Iteration: 0  Instance: /passive_top_tb/PASSIVE_ALG/ff_med2_instans[1]/D1 File: passive_top.sv Line: 106
# ** Warning: (vsim-3015) [PCDPC] - Port size (18) does not match connection size (1) for port 'd_in'. The port definition is at: d_ff.sv(6).
#    Time: 0 ns  Iteration: 0  Instance: /passive_top_tb/PASSIVE_ALG/ff_med2_instans[2]/D1 File: passive_top.sv Line: 106
# ** Warning: (vsim-3015) [PCDPC] - Port size (18) does not match connection size (1) for port 'd_out'. The port definition is at: d_ff.sv(7).
#    Time: 0 ns  Iteration: 0  Instance: /passive_top_tb/PASSIVE_ALG/ff_med2_instans[2]/D1 File: passive_top.sv Line: 106
# ** Warning: (vsim-3015) [PCDPC] - Port size (18) does not match connection size (1) for port 'd_in'. The port definition is at: d_ff.sv(6).
#    Time: 0 ns  Iteration: 0  Instance: /passive_top_tb/PASSIVE_ALG/ff_med2_instans[3]/D1 File: passive_top.sv Line: 106
# ** Warning: (vsim-3015) [PCDPC] - Port size (18) does not match connection size (1) for port 'd_out'. The port definition is at: d_ff.sv(7).
#    Time: 0 ns  Iteration: 0  Instance: /passive_top_tb/PASSIVE_ALG/ff_med2_instans[3]/D1 File: passive_top.sv Line: 106
# ** Warning: (vsim-3015) [PCDPC] - Port size (18) does not match connection size (1) for port 'd_in'. The port definition is at: d_ff.sv(6).
#    Time: 0 ns  Iteration: 0  Instance: /passive_top_tb/PASSIVE_ALG/ff_med2_instans[4]/D1 File: passive_top.sv Line: 106
# ** Warning: (vsim-3015) [PCDPC] - Port size (18) does not match connection size (1) for port 'd_out'. The port definition is at: d_ff.sv(7).
#    Time: 0 ns  Iteration: 0  Instance: /passive_top_tb/PASSIVE_ALG/ff_med2_instans[4]/D1 File: passive_top.sv Line: 106
# ** Warning: (vsim-3015) [PCDPC] - Port size (18) does not match connection size (1) for port 'd_in'. The port definition is at: d_ff.sv(6).
#    Time: 0 ns  Iteration: 0  Instance: /passive_top_tb/PASSIVE_ALG/ff_med2_instans[5]/D1 File: passive_top.sv Line: 106
# ** Warning: (vsim-3015) [PCDPC] - Port size (18) does not match connection size (1) for port 'd_out'. The port definition is at: d_ff.sv(7).
#    Time: 0 ns  Iteration: 0  Instance: /passive_top_tb/PASSIVE_ALG/ff_med2_instans[5]/D1 File: passive_top.sv Line: 106
# ** Warning: (vsim-3015) [PCDPC] - Port size (18) does not match connection size (1) for port 'd_in'. The port definition is at: d_ff.sv(6).
#    Time: 0 ns  Iteration: 0  Instance: /passive_top_tb/PASSIVE_ALG/ff_med2_instans[6]/D1 File: passive_top.sv Line: 106
# ** Warning: (vsim-3015) [PCDPC] - Port size (18) does not match connection size (1) for port 'd_out'. The port definition is at: d_ff.sv(7).
#    Time: 0 ns  Iteration: 0  Instance: /passive_top_tb/PASSIVE_ALG/ff_med2_instans[6]/D1 File: passive_top.sv Line: 106
# ** Warning: (vsim-3015) [PCDPC] - Port size (18) does not match connection size (1) for port 'd_in'. The port definition is at: d_ff.sv(6).
#    Time: 0 ns  Iteration: 0  Instance: /passive_top_tb/PASSIVE_ALG/ff_med2_instans[7]/D1 File: passive_top.sv Line: 106
# ** Warning: (vsim-3015) [PCDPC] - Port size (18) does not match connection size (1) for port 'd_out'. The port definition is at: d_ff.sv(7).
#    Time: 0 ns  Iteration: 0  Instance: /passive_top_tb/PASSIVE_ALG/ff_med2_instans[7]/D1 File: passive_top.sv Line: 106
# ** Warning: (vsim-3015) [PCDPC] - Port size (18) does not match connection size (1) for port 'd_in'. The port definition is at: d_ff.sv(6).
#    Time: 0 ns  Iteration: 0  Instance: /passive_top_tb/PASSIVE_ALG/ff_med2_instans[8]/D1 File: passive_top.sv Line: 106
# ** Warning: (vsim-3015) [PCDPC] - Port size (18) does not match connection size (1) for port 'd_out'. The port definition is at: d_ff.sv(7).
#    Time: 0 ns  Iteration: 0  Instance: /passive_top_tb/PASSIVE_ALG/ff_med2_instans[8]/D1 File: passive_top.sv Line: 106
# ** Warning: (vsim-3015) [PCDPC] - Port size (18) does not match connection size (1) for port 'd_in'. The port definition is at: d_ff.sv(6).
#    Time: 0 ns  Iteration: 0  Instance: /passive_top_tb/PASSIVE_ALG/ff_med2_instans[9]/D1 File: passive_top.sv Line: 106
# ** Warning: (vsim-3015) [PCDPC] - Port size (18) does not match connection size (1) for port 'd_out'. The port definition is at: d_ff.sv(7).
#    Time: 0 ns  Iteration: 0  Instance: /passive_top_tb/PASSIVE_ALG/ff_med2_instans[9]/D1 File: passive_top.sv Line: 106
# ** Warning: (vsim-3015) [PCDPC] - Port size (18) does not match connection size (1) for port 'd_in'. The port definition is at: d_ff.sv(6).
#    Time: 0 ns  Iteration: 0  Instance: /passive_top_tb/PASSIVE_ALG/ff_med2_instans[10]/D1 File: passive_top.sv Line: 106
# ** Warning: (vsim-3015) [PCDPC] - Port size (18) does not match connection size (1) for port 'd_out'. The port definition is at: d_ff.sv(7).
#    Time: 0 ns  Iteration: 0  Instance: /passive_top_tb/PASSIVE_ALG/ff_med2_instans[10]/D1 File: passive_top.sv Line: 106
# ** Warning: (vsim-3015) [PCDPC] - Port size (18) does not match connection size (1) for port 'd_in'. The port definition is at: d_ff.sv(6).
#    Time: 0 ns  Iteration: 0  Instance: /passive_top_tb/PASSIVE_ALG/ff_med2_instans[11]/D1 File: passive_top.sv Line: 106
# ** Warning: (vsim-3015) [PCDPC] - Port size (18) does not match connection size (1) for port 'd_out'. The port definition is at: d_ff.sv(7).
#    Time: 0 ns  Iteration: 0  Instance: /passive_top_tb/PASSIVE_ALG/ff_med2_instans[11]/D1 File: passive_top.sv Line: 106
# ** Warning: (vsim-3015) [PCDPC] - Port size (18) does not match connection size (1) for port 'd_in'. The port definition is at: d_ff.sv(6).
#    Time: 0 ns  Iteration: 0  Instance: /passive_top_tb/PASSIVE_ALG/ff_med2_instans[12]/D1 File: passive_top.sv Line: 106
# ** Warning: (vsim-3015) [PCDPC] - Port size (18) does not match connection size (1) for port 'd_out'. The port definition is at: d_ff.sv(7).
#    Time: 0 ns  Iteration: 0  Instance: /passive_top_tb/PASSIVE_ALG/ff_med2_instans[12]/D1 File: passive_top.sv Line: 106
# ** Warning: (vsim-3015) [PCDPC] - Port size (18) does not match connection size (1) for port 'd_in'. The port definition is at: d_ff.sv(6).
#    Time: 0 ns  Iteration: 0  Instance: /passive_top_tb/PASSIVE_ALG/ff_med2_instans[13]/D1 File: passive_top.sv Line: 106
# ** Warning: (vsim-3015) [PCDPC] - Port size (18) does not match connection size (1) for port 'd_out'. The port definition is at: d_ff.sv(7).
#    Time: 0 ns  Iteration: 0  Instance: /passive_top_tb/PASSIVE_ALG/ff_med2_instans[13]/D1 File: passive_top.sv Line: 106
# ** Warning: (vsim-3015) [PCDPC] - Port size (18) does not match connection size (1) for port 'd_in'. The port definition is at: d_ff.sv(6).
#    Time: 0 ns  Iteration: 0  Instance: /passive_top_tb/PASSIVE_ALG/ff_med2_instans[14]/D1 File: passive_top.sv Line: 106
# ** Warning: (vsim-3015) [PCDPC] - Port size (18) does not match connection size (1) for port 'd_out'. The port definition is at: d_ff.sv(7).
#    Time: 0 ns  Iteration: 0  Instance: /passive_top_tb/PASSIVE_ALG/ff_med2_instans[14]/D1 File: passive_top.sv Line: 106
# ** Warning: (vsim-3015) [PCDPC] - Port size (18) does not match connection size (1) for port 'd_in'. The port definition is at: d_ff.sv(6).
#    Time: 0 ns  Iteration: 0  Instance: /passive_top_tb/PASSIVE_ALG/ff_med2_instans[15]/D1 File: passive_top.sv Line: 106
# ** Warning: (vsim-3015) [PCDPC] - Port size (18) does not match connection size (1) for port 'd_out'. The port definition is at: d_ff.sv(7).
#    Time: 0 ns  Iteration: 0  Instance: /passive_top_tb/PASSIVE_ALG/ff_med2_instans[15]/D1 File: passive_top.sv Line: 106
# ** Warning: (vsim-3015) [PCDPC] - Port size (18) does not match connection size (1) for port 'd_in'. The port definition is at: d_ff.sv(6).
#    Time: 0 ns  Iteration: 0  Instance: /passive_top_tb/PASSIVE_ALG/ff_med2_instans[16]/D1 File: passive_top.sv Line: 106
# ** Warning: (vsim-3015) [PCDPC] - Port size (18) does not match connection size (1) for port 'd_out'. The port definition is at: d_ff.sv(7).
#    Time: 0 ns  Iteration: 0  Instance: /passive_top_tb/PASSIVE_ALG/ff_med2_instans[16]/D1 File: passive_top.sv Line: 106
# ** Warning: (vsim-3015) [PCDPC] - Port size (18) does not match connection size (1) for port 'd_in'. The port definition is at: d_ff.sv(6).
#    Time: 0 ns  Iteration: 0  Instance: /passive_top_tb/PASSIVE_ALG/ff_med2_instans[17]/D1 File: passive_top.sv Line: 106
# ** Warning: (vsim-3015) [PCDPC] - Port size (18) does not match connection size (1) for port 'd_out'. The port definition is at: d_ff.sv(7).
#    Time: 0 ns  Iteration: 0  Instance: /passive_top_tb/PASSIVE_ALG/ff_med2_instans[17]/D1 File: passive_top.sv Line: 106
# ** Warning: (vsim-3015) [PCDPC] - Port size (18) does not match connection size (1) for port 'd_in'. The port definition is at: d_ff.sv(6).
#    Time: 0 ns  Iteration: 0  Instance: /passive_top_tb/PASSIVE_ALG/ff_med2_instans[18]/D1 File: passive_top.sv Line: 106
# ** Warning: (vsim-3015) [PCDPC] - Port size (18) does not match connection size (1) for port 'd_out'. The port definition is at: d_ff.sv(7).
#    Time: 0 ns  Iteration: 0  Instance: /passive_top_tb/PASSIVE_ALG/ff_med2_instans[18]/D1 File: passive_top.sv Line: 106
# ** Warning: (vsim-3015) [PCDPC] - Port size (18) does not match connection size (1) for port 'd_in'. The port definition is at: d_ff.sv(6).
#    Time: 0 ns  Iteration: 0  Instance: /passive_top_tb/PASSIVE_ALG/ff_med2_instans[19]/D1 File: passive_top.sv Line: 106
# ** Warning: (vsim-3015) [PCDPC] - Port size (18) does not match connection size (1) for port 'd_out'. The port definition is at: d_ff.sv(7).
#    Time: 0 ns  Iteration: 0  Instance: /passive_top_tb/PASSIVE_ALG/ff_med2_instans[19]/D1 File: passive_top.sv Line: 106
# ** Warning: (vsim-3015) [PCDPC] - Port size (18) does not match connection size (1) for port 'd_in'. The port definition is at: d_ff.sv(6).
#    Time: 0 ns  Iteration: 0  Instance: /passive_top_tb/PASSIVE_ALG/ff_med2_instans[20]/D1 File: passive_top.sv Line: 106
# ** Warning: (vsim-3015) [PCDPC] - Port size (18) does not match connection size (1) for port 'd_out'. The port definition is at: d_ff.sv(7).
#    Time: 0 ns  Iteration: 0  Instance: /passive_top_tb/PASSIVE_ALG/ff_med2_instans[20]/D1 File: passive_top.sv Line: 106
# ** Warning: (vsim-3015) [PCDPC] - Port size (18) does not match connection size (1) for port 'd_in'. The port definition is at: d_ff.sv(6).
#    Time: 0 ns  Iteration: 0  Instance: /passive_top_tb/PASSIVE_ALG/ff_med2_instans[21]/D1 File: passive_top.sv Line: 106
# ** Warning: (vsim-3015) [PCDPC] - Port size (18) does not match connection size (1) for port 'd_out'. The port definition is at: d_ff.sv(7).
#    Time: 0 ns  Iteration: 0  Instance: /passive_top_tb/PASSIVE_ALG/ff_med2_instans[21]/D1 File: passive_top.sv Line: 106
# ** Warning: (vsim-3015) [PCDPC] - Port size (18) does not match connection size (1) for port 'd_in'. The port definition is at: d_ff.sv(6).
#    Time: 0 ns  Iteration: 0  Instance: /passive_top_tb/PASSIVE_ALG/ff_med2_instans[22]/D1 File: passive_top.sv Line: 106
# ** Warning: (vsim-3015) [PCDPC] - Port size (18) does not match connection size (1) for port 'd_out'. The port definition is at: d_ff.sv(7).
#    Time: 0 ns  Iteration: 0  Instance: /passive_top_tb/PASSIVE_ALG/ff_med2_instans[22]/D1 File: passive_top.sv Line: 106
# ** Warning: (vsim-3015) [PCDPC] - Port size (18) does not match connection size (1) for port 'd_in'. The port definition is at: d_ff.sv(6).
#    Time: 0 ns  Iteration: 0  Instance: /passive_top_tb/PASSIVE_ALG/ff_med2_instans[23]/D1 File: passive_top.sv Line: 106
# ** Warning: (vsim-3015) [PCDPC] - Port size (18) does not match connection size (1) for port 'd_out'. The port definition is at: d_ff.sv(7).
#    Time: 0 ns  Iteration: 0  Instance: /passive_top_tb/PASSIVE_ALG/ff_med2_instans[23]/D1 File: passive_top.sv Line: 106
# ** Warning: (vsim-3015) [PCDPC] - Port size (18) does not match connection size (1) for port 'd_in'. The port definition is at: d_ff.sv(6).
#    Time: 0 ns  Iteration: 0  Instance: /passive_top_tb/PASSIVE_ALG/ff_med2_instans[24]/D1 File: passive_top.sv Line: 106
# ** Warning: (vsim-3015) [PCDPC] - Port size (18) does not match connection size (1) for port 'd_out'. The port definition is at: d_ff.sv(7).
#    Time: 0 ns  Iteration: 0  Instance: /passive_top_tb/PASSIVE_ALG/ff_med2_instans[24]/D1 File: passive_top.sv Line: 106
# ** Warning: (vsim-3015) [PCDPC] - Port size (18) does not match connection size (1) for port 'd_in'. The port definition is at: d_ff.sv(6).
#    Time: 0 ns  Iteration: 0  Instance: /passive_top_tb/PASSIVE_ALG/ff_med2_instans[25]/D1 File: passive_top.sv Line: 106
# ** Warning: (vsim-3015) [PCDPC] - Port size (18) does not match connection size (1) for port 'd_out'. The port definition is at: d_ff.sv(7).
#    Time: 0 ns  Iteration: 0  Instance: /passive_top_tb/PASSIVE_ALG/ff_med2_instans[25]/D1 File: passive_top.sv Line: 106
# ** Warning: (vsim-3015) [PCDPC] - Port size (18) does not match connection size (1) for port 'd_in'. The port definition is at: d_ff.sv(6).
#    Time: 0 ns  Iteration: 0  Instance: /passive_top_tb/PASSIVE_ALG/ff_med2_instans[26]/D1 File: passive_top.sv Line: 106
# ** Warning: (vsim-3015) [PCDPC] - Port size (18) does not match connection size (1) for port 'd_out'. The port definition is at: d_ff.sv(7).
#    Time: 0 ns  Iteration: 0  Instance: /passive_top_tb/PASSIVE_ALG/ff_med2_instans[26]/D1 File: passive_top.sv Line: 106
# ** Warning: (vsim-3015) [PCDPC] - Port size (18) does not match connection size (1) for port 'd_in'. The port definition is at: d_ff.sv(6).
#    Time: 0 ns  Iteration: 0  Instance: /passive_top_tb/PASSIVE_ALG/ff_med2_instans[27]/D1 File: passive_top.sv Line: 106
# ** Warning: (vsim-3015) [PCDPC] - Port size (18) does not match connection size (1) for port 'd_out'. The port definition is at: d_ff.sv(7).
#    Time: 0 ns  Iteration: 0  Instance: /passive_top_tb/PASSIVE_ALG/ff_med2_instans[27]/D1 File: passive_top.sv Line: 106
# ** Warning: (vsim-3015) [PCDPC] - Port size (18) does not match connection size (1) for port 'd_in'. The port definition is at: d_ff.sv(6).
#    Time: 0 ns  Iteration: 0  Instance: /passive_top_tb/PASSIVE_ALG/ff_med2_instans[28]/D1 File: passive_top.sv Line: 106
# ** Warning: (vsim-3015) [PCDPC] - Port size (18) does not match connection size (1) for port 'd_out'. The port definition is at: d_ff.sv(7).
#    Time: 0 ns  Iteration: 0  Instance: /passive_top_tb/PASSIVE_ALG/ff_med2_instans[28]/D1 File: passive_top.sv Line: 106
# ** Warning: (vsim-3015) [PCDPC] - Port size (18) does not match connection size (1) for port 'd_in'. The port definition is at: d_ff.sv(6).
#    Time: 0 ns  Iteration: 0  Instance: /passive_top_tb/PASSIVE_ALG/ff_med2_instans[29]/D1 File: passive_top.sv Line: 106
# ** Warning: (vsim-3015) [PCDPC] - Port size (18) does not match connection size (1) for port 'd_out'. The port definition is at: d_ff.sv(7).
#    Time: 0 ns  Iteration: 0  Instance: /passive_top_tb/PASSIVE_ALG/ff_med2_instans[29]/D1 File: passive_top.sv Line: 106
# ** Warning: (vsim-3015) [PCDPC] - Port size (18) does not match connection size (1) for port 'd_in'. The port definition is at: d_ff.sv(6).
#    Time: 0 ns  Iteration: 0  Instance: /passive_top_tb/PASSIVE_ALG/ff_med2_instans[30]/D1 File: passive_top.sv Line: 106
# ** Warning: (vsim-3015) [PCDPC] - Port size (18) does not match connection size (1) for port 'd_out'. The port definition is at: d_ff.sv(7).
#    Time: 0 ns  Iteration: 0  Instance: /passive_top_tb/PASSIVE_ALG/ff_med2_instans[30]/D1 File: passive_top.sv Line: 106
# ** Warning: (vsim-3015) [PCDPC] - Port size (18) does not match connection size (1) for port 'd_in'. The port definition is at: d_ff.sv(6).
#    Time: 0 ns  Iteration: 0  Instance: /passive_top_tb/PASSIVE_ALG/ff_med2_instans[31]/D1 File: passive_top.sv Line: 106
# ** Warning: (vsim-3015) [PCDPC] - Port size (18) does not match connection size (1) for port 'd_out'. The port definition is at: d_ff.sv(7).
#    Time: 0 ns  Iteration: 0  Instance: /passive_top_tb/PASSIVE_ALG/ff_med2_instans[31]/D1 File: passive_top.sv Line: 106
# ** Warning: (vsim-3015) [PCDPC] - Port size (18) does not match connection size (1) for port 'd_in'. The port definition is at: d_ff.sv(6).
#    Time: 0 ns  Iteration: 0  Instance: /passive_top_tb/PASSIVE_ALG/ff_med2_instans[32]/D1 File: passive_top.sv Line: 106
# ** Warning: (vsim-3015) [PCDPC] - Port size (18) does not match connection size (1) for port 'd_out'. The port definition is at: d_ff.sv(7).
#    Time: 0 ns  Iteration: 0  Instance: /passive_top_tb/PASSIVE_ALG/ff_med2_instans[32]/D1 File: passive_top.sv Line: 106
# ** Warning: (vsim-3015) [PCDPC] - Port size (18) does not match connection size (1) for port 'd_in'. The port definition is at: d_ff.sv(6).
#    Time: 0 ns  Iteration: 0  Instance: /passive_top_tb/PASSIVE_ALG/ff_med2_instans[33]/D1 File: passive_top.sv Line: 106
# ** Warning: (vsim-3015) [PCDPC] - Port size (18) does not match connection size (1) for port 'd_out'. The port definition is at: d_ff.sv(7).
#    Time: 0 ns  Iteration: 0  Instance: /passive_top_tb/PASSIVE_ALG/ff_med2_instans[33]/D1 File: passive_top.sv Line: 106
# ** Warning: (vsim-3015) [PCDPC] - Port size (18) does not match connection size (1) for port 'd_in'. The port definition is at: d_ff.sv(6).
#    Time: 0 ns  Iteration: 0  Instance: /passive_top_tb/PASSIVE_ALG/ff_med2_instans[34]/D1 File: passive_top.sv Line: 106
# ** Warning: (vsim-3015) [PCDPC] - Port size (18) does not match connection size (1) for port 'd_out'. The port definition is at: d_ff.sv(7).
#    Time: 0 ns  Iteration: 0  Instance: /passive_top_tb/PASSIVE_ALG/ff_med2_instans[34]/D1 File: passive_top.sv Line: 106
# ** Warning: (vsim-3015) [PCDPC] - Port size (18) does not match connection size (1) for port 'd_in'. The port definition is at: d_ff.sv(6).
#    Time: 0 ns  Iteration: 0  Instance: /passive_top_tb/PASSIVE_ALG/ff_med2_instans[35]/D1 File: passive_top.sv Line: 106
# ** Warning: (vsim-3015) [PCDPC] - Port size (18) does not match connection size (1) for port 'd_out'. The port definition is at: d_ff.sv(7).
#    Time: 0 ns  Iteration: 0  Instance: /passive_top_tb/PASSIVE_ALG/ff_med2_instans[35]/D1 File: passive_top.sv Line: 106
# ** Warning: (vsim-3015) [PCDPC] - Port size (18) does not match connection size (1) for port 'd_in'. The port definition is at: d_ff.sv(6).
#    Time: 0 ns  Iteration: 0  Instance: /passive_top_tb/PASSIVE_ALG/ff_med2_instans[36]/D1 File: passive_top.sv Line: 106
# ** Warning: (vsim-3015) [PCDPC] - Port size (18) does not match connection size (1) for port 'd_out'. The port definition is at: d_ff.sv(7).
#    Time: 0 ns  Iteration: 0  Instance: /passive_top_tb/PASSIVE_ALG/ff_med2_instans[36]/D1 File: passive_top.sv Line: 106
# ** Warning: (vsim-3015) [PCDPC] - Port size (18) does not match connection size (1) for port 'd_in'. The port definition is at: d_ff.sv(6).
#    Time: 0 ns  Iteration: 0  Instance: /passive_top_tb/PASSIVE_ALG/ff_med2_instans[37]/D1 File: passive_top.sv Line: 106
# ** Warning: (vsim-3015) [PCDPC] - Port size (18) does not match connection size (1) for port 'd_out'. The port definition is at: d_ff.sv(7).
#    Time: 0 ns  Iteration: 0  Instance: /passive_top_tb/PASSIVE_ALG/ff_med2_instans[37]/D1 File: passive_top.sv Line: 106
# ** Warning: (vsim-3015) [PCDPC] - Port size (18) does not match connection size (1) for port 'd_in'. The port definition is at: d_ff.sv(6).
#    Time: 0 ns  Iteration: 0  Instance: /passive_top_tb/PASSIVE_ALG/ff_med2_instans[38]/D1 File: passive_top.sv Line: 106
# ** Warning: (vsim-3015) [PCDPC] - Port size (18) does not match connection size (1) for port 'd_out'. The port definition is at: d_ff.sv(7).
#    Time: 0 ns  Iteration: 0  Instance: /passive_top_tb/PASSIVE_ALG/ff_med2_instans[38]/D1 File: passive_top.sv Line: 106
# ** Warning: (vsim-3015) [PCDPC] - Port size (18) does not match connection size (1) for port 'd_in'. The port definition is at: d_ff.sv(6).
#    Time: 0 ns  Iteration: 0  Instance: /passive_top_tb/PASSIVE_ALG/ff_med2_instans[39]/D1 File: passive_top.sv Line: 106
# ** Warning: (vsim-3015) [PCDPC] - Port size (18) does not match connection size (1) for port 'd_out'. The port definition is at: d_ff.sv(7).
#    Time: 0 ns  Iteration: 0  Instance: /passive_top_tb/PASSIVE_ALG/ff_med2_instans[39]/D1 File: passive_top.sv Line: 106
# ** Warning: (vsim-3015) [PCDPC] - Port size (18) does not match connection size (1) for port 'd_in'. The port definition is at: d_ff.sv(6).
#    Time: 0 ns  Iteration: 0  Instance: /passive_top_tb/PASSIVE_ALG/ff_med2_instans[40]/D1 File: passive_top.sv Line: 106
# ** Warning: (vsim-3015) [PCDPC] - Port size (18) does not match connection size (1) for port 'd_out'. The port definition is at: d_ff.sv(7).
#    Time: 0 ns  Iteration: 0  Instance: /passive_top_tb/PASSIVE_ALG/ff_med2_instans[40]/D1 File: passive_top.sv Line: 106
# ** Warning: (vsim-3015) [PCDPC] - Port size (18) does not match connection size (1) for port 'd_in'. The port definition is at: d_ff.sv(6).
#    Time: 0 ns  Iteration: 0  Instance: /passive_top_tb/PASSIVE_ALG/ff_med2_instans[41]/D1 File: passive_top.sv Line: 106
# ** Warning: (vsim-3015) [PCDPC] - Port size (18) does not match connection size (1) for port 'd_out'. The port definition is at: d_ff.sv(7).
#    Time: 0 ns  Iteration: 0  Instance: /passive_top_tb/PASSIVE_ALG/ff_med2_instans[41]/D1 File: passive_top.sv Line: 106
# ** Warning: (vsim-3015) [PCDPC] - Port size (18) does not match connection size (1) for port 'd_in'. The port definition is at: d_ff.sv(6).
#    Time: 0 ns  Iteration: 0  Instance: /passive_top_tb/PASSIVE_ALG/ff_med2_instans[42]/D1 File: passive_top.sv Line: 106
# ** Warning: (vsim-3015) [PCDPC] - Port size (18) does not match connection size (1) for port 'd_out'. The port definition is at: d_ff.sv(7).
#    Time: 0 ns  Iteration: 0  Instance: /passive_top_tb/PASSIVE_ALG/ff_med2_instans[42]/D1 File: passive_top.sv Line: 106
# ** Warning: (vsim-3015) [PCDPC] - Port size (18) does not match connection size (1) for port 'd_in'. The port definition is at: d_ff.sv(6).
#    Time: 0 ns  Iteration: 0  Instance: /passive_top_tb/PASSIVE_ALG/ff_med2_instans[43]/D1 File: passive_top.sv Line: 106
# ** Warning: (vsim-3015) [PCDPC] - Port size (18) does not match connection size (1) for port 'd_out'. The port definition is at: d_ff.sv(7).
#    Time: 0 ns  Iteration: 0  Instance: /passive_top_tb/PASSIVE_ALG/ff_med2_instans[43]/D1 File: passive_top.sv Line: 106
# ** Warning: (vsim-3015) [PCDPC] - Port size (18) does not match connection size (1) for port 'd_in'. The port definition is at: d_ff.sv(6).
#    Time: 0 ns  Iteration: 0  Instance: /passive_top_tb/PASSIVE_ALG/ff_med2_instans[44]/D1 File: passive_top.sv Line: 106
# ** Warning: (vsim-3015) [PCDPC] - Port size (18) does not match connection size (1) for port 'd_out'. The port definition is at: d_ff.sv(7).
#    Time: 0 ns  Iteration: 0  Instance: /passive_top_tb/PASSIVE_ALG/ff_med2_instans[44]/D1 File: passive_top.sv Line: 106
# ** Warning: (vsim-3015) [PCDPC] - Port size (18) does not match connection size (1) for port 'd_in'. The port definition is at: d_ff.sv(6).
#    Time: 0 ns  Iteration: 0  Instance: /passive_top_tb/PASSIVE_ALG/ff_med2_instans[45]/D1 File: passive_top.sv Line: 106
# ** Warning: (vsim-3015) [PCDPC] - Port size (18) does not match connection size (1) for port 'd_out'. The port definition is at: d_ff.sv(7).
#    Time: 0 ns  Iteration: 0  Instance: /passive_top_tb/PASSIVE_ALG/ff_med2_instans[45]/D1 File: passive_top.sv Line: 106
# ** Warning: (vsim-3015) [PCDPC] - Port size (18) does not match connection size (1) for port 'd_in'. The port definition is at: d_ff.sv(6).
#    Time: 0 ns  Iteration: 0  Instance: /passive_top_tb/PASSIVE_ALG/ff_med2_instans[46]/D1 File: passive_top.sv Line: 106
# ** Warning: (vsim-3015) [PCDPC] - Port size (18) does not match connection size (1) for port 'd_out'. The port definition is at: d_ff.sv(7).
#    Time: 0 ns  Iteration: 0  Instance: /passive_top_tb/PASSIVE_ALG/ff_med2_instans[46]/D1 File: passive_top.sv Line: 106
# ** Warning: (vsim-3015) [PCDPC] - Port size (18) does not match connection size (1) for port 'd_in'. The port definition is at: d_ff.sv(6).
#    Time: 0 ns  Iteration: 0  Instance: /passive_top_tb/PASSIVE_ALG/ff_med2_instans[47]/D1 File: passive_top.sv Line: 106
# ** Warning: (vsim-3015) [PCDPC] - Port size (18) does not match connection size (1) for port 'd_out'. The port definition is at: d_ff.sv(7).
#    Time: 0 ns  Iteration: 0  Instance: /passive_top_tb/PASSIVE_ALG/ff_med2_instans[47]/D1 File: passive_top.sv Line: 106
# ** Warning: (vsim-3015) [PCDPC] - Port size (18) does not match connection size (1) for port 'd_in'. The port definition is at: d_ff.sv(6).
#    Time: 0 ns  Iteration: 0  Instance: /passive_top_tb/PASSIVE_ALG/ff_med2_instans[48]/D1 File: passive_top.sv Line: 106
# ** Warning: (vsim-3015) [PCDPC] - Port size (18) does not match connection size (1) for port 'd_out'. The port definition is at: d_ff.sv(7).
#    Time: 0 ns  Iteration: 0  Instance: /passive_top_tb/PASSIVE_ALG/ff_med2_instans[48]/D1 File: passive_top.sv Line: 106
# ** Warning: (vsim-3015) [PCDPC] - Port size (18) does not match connection size (1) for port 'd_in'. The port definition is at: d_ff.sv(6).
#    Time: 0 ns  Iteration: 0  Instance: /passive_top_tb/PASSIVE_ALG/ff_med2_instans[49]/D1 File: passive_top.sv Line: 106
# ** Warning: (vsim-3015) [PCDPC] - Port size (18) does not match connection size (1) for port 'd_out'. The port definition is at: d_ff.sv(7).
#    Time: 0 ns  Iteration: 0  Instance: /passive_top_tb/PASSIVE_ALG/ff_med2_instans[49]/D1 File: passive_top.sv Line: 106
# ** Warning: (vsim-3015) [PCDPC] - Port size (18) does not match connection size (1) for port 'd_in'. The port definition is at: d_ff.sv(6).
#    Time: 0 ns  Iteration: 0  Instance: /passive_top_tb/PASSIVE_ALG/ff_med2_instans[50]/D1 File: passive_top.sv Line: 106
# ** Warning: (vsim-3015) [PCDPC] - Port size (18) does not match connection size (1) for port 'd_out'. The port definition is at: d_ff.sv(7).
#    Time: 0 ns  Iteration: 0  Instance: /passive_top_tb/PASSIVE_ALG/ff_med2_instans[50]/D1 File: passive_top.sv Line: 106
# ** Warning: (vsim-3015) [PCDPC] - Port size (18) does not match connection size (1) for port 'd_in'. The port definition is at: d_ff.sv(6).
#    Time: 0 ns  Iteration: 0  Instance: /passive_top_tb/PASSIVE_ALG/ff_med2_instans[51]/D1 File: passive_top.sv Line: 106
# ** Warning: (vsim-3015) [PCDPC] - Port size (18) does not match connection size (1) for port 'd_out'. The port definition is at: d_ff.sv(7).
#    Time: 0 ns  Iteration: 0  Instance: /passive_top_tb/PASSIVE_ALG/ff_med2_instans[51]/D1 File: passive_top.sv Line: 106
# ** Warning: (vsim-3015) [PCDPC] - Port size (18) does not match connection size (1) for port 'd_in'. The port definition is at: d_ff.sv(6).
#    Time: 0 ns  Iteration: 0  Instance: /passive_top_tb/PASSIVE_ALG/ff_med2_instans[52]/D1 File: passive_top.sv Line: 106
# ** Warning: (vsim-3015) [PCDPC] - Port size (18) does not match connection size (1) for port 'd_out'. The port definition is at: d_ff.sv(7).
#    Time: 0 ns  Iteration: 0  Instance: /passive_top_tb/PASSIVE_ALG/ff_med2_instans[52]/D1 File: passive_top.sv Line: 106
# ** Warning: (vsim-3015) [PCDPC] - Port size (18) does not match connection size (1) for port 'd_in'. The port definition is at: d_ff.sv(6).
#    Time: 0 ns  Iteration: 0  Instance: /passive_top_tb/PASSIVE_ALG/ff_med2_instans[53]/D1 File: passive_top.sv Line: 106
# ** Warning: (vsim-3015) [PCDPC] - Port size (18) does not match connection size (1) for port 'd_out'. The port definition is at: d_ff.sv(7).
#    Time: 0 ns  Iteration: 0  Instance: /passive_top_tb/PASSIVE_ALG/ff_med2_instans[53]/D1 File: passive_top.sv Line: 106
# ** Warning: (vsim-3015) [PCDPC] - Port size (18) does not match connection size (1) for port 'd_in'. The port definition is at: d_ff.sv(6).
#    Time: 0 ns  Iteration: 0  Instance: /passive_top_tb/PASSIVE_ALG/ff_med2_instans[54]/D1 File: passive_top.sv Line: 106
# ** Warning: (vsim-3015) [PCDPC] - Port size (18) does not match connection size (1) for port 'd_out'. The port definition is at: d_ff.sv(7).
#    Time: 0 ns  Iteration: 0  Instance: /passive_top_tb/PASSIVE_ALG/ff_med2_instans[54]/D1 File: passive_top.sv Line: 106
# ** Warning: (vsim-3015) [PCDPC] - Port size (18) does not match connection size (1) for port 'd_in'. The port definition is at: d_ff.sv(6).
#    Time: 0 ns  Iteration: 0  Instance: /passive_top_tb/PASSIVE_ALG/ff_med2_instans[55]/D1 File: passive_top.sv Line: 106
# ** Warning: (vsim-3015) [PCDPC] - Port size (18) does not match connection size (1) for port 'd_out'. The port definition is at: d_ff.sv(7).
#    Time: 0 ns  Iteration: 0  Instance: /passive_top_tb/PASSIVE_ALG/ff_med2_instans[55]/D1 File: passive_top.sv Line: 106
# ** Warning: (vsim-3015) [PCDPC] - Port size (18) does not match connection size (1) for port 'd_in'. The port definition is at: d_ff.sv(6).
#    Time: 0 ns  Iteration: 0  Instance: /passive_top_tb/PASSIVE_ALG/ff_med2_instans[56]/D1 File: passive_top.sv Line: 106
# ** Warning: (vsim-3015) [PCDPC] - Port size (18) does not match connection size (1) for port 'd_out'. The port definition is at: d_ff.sv(7).
#    Time: 0 ns  Iteration: 0  Instance: /passive_top_tb/PASSIVE_ALG/ff_med2_instans[56]/D1 File: passive_top.sv Line: 106
# ** Warning: (vsim-3015) [PCDPC] - Port size (18) does not match connection size (1) for port 'd_in'. The port definition is at: d_ff.sv(6).
#    Time: 0 ns  Iteration: 0  Instance: /passive_top_tb/PASSIVE_ALG/ff_med2_instans[57]/D1 File: passive_top.sv Line: 106
# ** Warning: (vsim-3015) [PCDPC] - Port size (18) does not match connection size (1) for port 'd_out'. The port definition is at: d_ff.sv(7).
#    Time: 0 ns  Iteration: 0  Instance: /passive_top_tb/PASSIVE_ALG/ff_med2_instans[57]/D1 File: passive_top.sv Line: 106
# ** Warning: (vsim-3015) [PCDPC] - Port size (18) does not match connection size (1) for port 'd_in'. The port definition is at: d_ff.sv(6).
#    Time: 0 ns  Iteration: 0  Instance: /passive_top_tb/PASSIVE_ALG/ff_med2_instans[58]/D1 File: passive_top.sv Line: 106
# ** Warning: (vsim-3015) [PCDPC] - Port size (18) does not match connection size (1) for port 'd_out'. The port definition is at: d_ff.sv(7).
#    Time: 0 ns  Iteration: 0  Instance: /passive_top_tb/PASSIVE_ALG/ff_med2_instans[58]/D1 File: passive_top.sv Line: 106
# ** Warning: (vsim-3015) [PCDPC] - Port size (18) does not match connection size (1) for port 'd_in'. The port definition is at: d_ff.sv(6).
#    Time: 0 ns  Iteration: 0  Instance: /passive_top_tb/PASSIVE_ALG/ff_med2_instans[59]/D1 File: passive_top.sv Line: 106
# ** Warning: (vsim-3015) [PCDPC] - Port size (18) does not match connection size (1) for port 'd_out'. The port definition is at: d_ff.sv(7).
#    Time: 0 ns  Iteration: 0  Instance: /passive_top_tb/PASSIVE_ALG/ff_med2_instans[59]/D1 File: passive_top.sv Line: 106
# ** Warning: (vsim-3015) [PCDPC] - Port size (18) does not match connection size (1) for port 'd_in'. The port definition is at: d_ff.sv(6).
#    Time: 0 ns  Iteration: 0  Instance: /passive_top_tb/PASSIVE_ALG/ff_med2_instans[60]/D1 File: passive_top.sv Line: 106
# ** Warning: (vsim-3015) [PCDPC] - Port size (18) does not match connection size (1) for port 'd_out'. The port definition is at: d_ff.sv(7).
#    Time: 0 ns  Iteration: 0  Instance: /passive_top_tb/PASSIVE_ALG/ff_med2_instans[60]/D1 File: passive_top.sv Line: 106
# ** Warning: (vsim-3015) [PCDPC] - Port size (18) does not match connection size (1) for port 'd_in'. The port definition is at: d_ff.sv(6).
#    Time: 0 ns  Iteration: 0  Instance: /passive_top_tb/PASSIVE_ALG/ff_med2_instans[61]/D1 File: passive_top.sv Line: 106
# ** Warning: (vsim-3015) [PCDPC] - Port size (18) does not match connection size (1) for port 'd_out'. The port definition is at: d_ff.sv(7).
#    Time: 0 ns  Iteration: 0  Instance: /passive_top_tb/PASSIVE_ALG/ff_med2_instans[61]/D1 File: passive_top.sv Line: 106
# ** Warning: (vsim-3015) [PCDPC] - Port size (18) does not match connection size (1) for port 'd_in'. The port definition is at: d_ff.sv(6).
#    Time: 0 ns  Iteration: 0  Instance: /passive_top_tb/PASSIVE_ALG/ff_med2_instans[62]/D1 File: passive_top.sv Line: 106
# ** Warning: (vsim-3015) [PCDPC] - Port size (18) does not match connection size (1) for port 'd_out'. The port definition is at: d_ff.sv(7).
#    Time: 0 ns  Iteration: 0  Instance: /passive_top_tb/PASSIVE_ALG/ff_med2_instans[62]/D1 File: passive_top.sv Line: 106
# ** Warning: (vsim-3015) [PCDPC] - Port size (18) does not match connection size (1) for port 'd_in'. The port definition is at: d_ff.sv(6).
#    Time: 0 ns  Iteration: 0  Instance: /passive_top_tb/PASSIVE_ALG/ff_med2_instans[63]/D1 File: passive_top.sv Line: 106
# ** Warning: (vsim-3015) [PCDPC] - Port size (18) does not match connection size (1) for port 'd_out'. The port definition is at: d_ff.sv(7).
#    Time: 0 ns  Iteration: 0  Instance: /passive_top_tb/PASSIVE_ALG/ff_med2_instans[63]/D1 File: passive_top.sv Line: 106
# 
# Test ended with 1 passed & 0 failed
# 
# ** Note: $stop    : passive_alg_tb.sv(133)
#    Time: 305 ns  Iteration: 1  Instance: /passive_top_tb
# Break in Module passive_top_tb at passive_alg_tb.sv line 133
# Compile of adder.sv was successful.
# Compile of adder_sub.sv was successful.
# Compile of bit_reverse.sv was successful.
# Compile of d_ff.sv was successful.
# Compile of fp_mul.sv was successful.
# Compile of LOD_a.sv was successful.
# Compile of multiplier.sv was successful.
# Compile of norm_l2_vec.sv was successful with warnings.
# Compile of nr_iteration.sv was successful.
# Compile of nr_pipeline_3iter.sv was successful.
# Compile of passive_alg_tb.sv was successful.
# Compile of passive_top.sv was successful with warnings.
# Compile of Phi.svh was successful.
# Compile of rsr.sv was successful.
# Compile of seed_generator.sv was successful.
# Compile of twos_comp_1cycle.sv was successful.
# 16 compiles, 0 failed with no errors.
# ** Error: Acs sdne.
# $
#        Unable to replace existing ini file (C:/Users/GAD/Desktop/stm/Top/HDL/a.mpf).  File can not be renamed.
# ** Error: Acs sdne.
# 
#        Unable to replace existing ini file (C:/Users/GAD/Desktop/stm/Top/HDL/a.mpf).  File can not be renamed.
# ** Error: Acs sdne.
# 
#        Unable to replace existing ini file (C:/Users/GAD/Desktop/stm/Top/HDL/a.mpf).  File can not be renamed.
restart -f
# ** Note: (vsim-12125) Error and warning message counts have been reset to '0' because of 'restart'.
# ** Note: (vsim-3813) Design is being optimized due to module recompilation...
# ** Warning: C:/Users/GAD/Desktop/stm/Top/HDL/norm_l2_vec.sv(8): (vopt-13314) Defaulting port 'v' kind to 'var' rather than 'wire' due to default compile option setting of -svinputport=relaxed.
# ** Note: (vsim-12126) Error and warning message counts have been restored: Errors=0, Warnings=1.
# Loading sv_std.std
# Loading work.passive_top_tb(fast)
# Loading work.passive_top(fast)
# Loading work.d_ff(fast)
# Loading work.adder_sub(fast)
# Loading work.adder(fast)
# Loading work.norm_l2_vec(fast)
# Loading work.multiplier(fast)
# Loading work.rsr_top(fast)
# Loading work.LOD_a(fast)
# Loading work.bit_reverse(fast)
# Loading work.twos_comp_1cycle(fast)
# Loading work.seed_generator(fast)
# Loading work.nr_pipeline_3iter(fast)
# Loading work.nr_iteration(fast)
# Loading work.fp_mul(fast)
# ** Warning: (vsim-3015) [PCDPC] - Port size (18) does not match connection size (1) for port 'd_in'. The port definition is at: C:/Users/GAD/Desktop/stm/Top/HDL/d_ff.sv(6).
#    Time: 0 ns  Iteration: 0  Instance: /passive_top_tb/PASSIVE_ALG/ff_med2_instans[0]/D1 File: C:/Users/GAD/Desktop/stm/Top/HDL/passive_top.sv Line: 106
# ** Warning: (vsim-3015) [PCDPC] - Port size (18) does not match connection size (1) for port 'd_out'. The port definition is at: C:/Users/GAD/Desktop/stm/Top/HDL/d_ff.sv(7).
#    Time: 0 ns  Iteration: 0  Instance: /passive_top_tb/PASSIVE_ALG/ff_med2_instans[0]/D1 File: C:/Users/GAD/Desktop/stm/Top/HDL/passive_top.sv Line: 106
# ** Warning: (vsim-3015) [PCDPC] - Port size (18) does not match connection size (1) for port 'd_in'. The port definition is at: C:/Users/GAD/Desktop/stm/Top/HDL/d_ff.sv(6).
#    Time: 0 ns  Iteration: 0  Instance: /passive_top_tb/PASSIVE_ALG/ff_med2_instans[1]/D1 File: C:/Users/GAD/Desktop/stm/Top/HDL/passive_top.sv Line: 106
# ** Warning: (vsim-3015) [PCDPC] - Port size (18) does not match connection size (1) for port 'd_out'. The port definition is at: C:/Users/GAD/Desktop/stm/Top/HDL/d_ff.sv(7).
#    Time: 0 ns  Iteration: 0  Instance: /passive_top_tb/PASSIVE_ALG/ff_med2_instans[1]/D1 File: C:/Users/GAD/Desktop/stm/Top/HDL/passive_top.sv Line: 106
# ** Warning: (vsim-3015) [PCDPC] - Port size (18) does not match connection size (1) for port 'd_in'. The port definition is at: C:/Users/GAD/Desktop/stm/Top/HDL/d_ff.sv(6).
#    Time: 0 ns  Iteration: 0  Instance: /passive_top_tb/PASSIVE_ALG/ff_med2_instans[2]/D1 File: C:/Users/GAD/Desktop/stm/Top/HDL/passive_top.sv Line: 106
# ** Warning: (vsim-3015) [PCDPC] - Port size (18) does not match connection size (1) for port 'd_out'. The port definition is at: C:/Users/GAD/Desktop/stm/Top/HDL/d_ff.sv(7).
#    Time: 0 ns  Iteration: 0  Instance: /passive_top_tb/PASSIVE_ALG/ff_med2_instans[2]/D1 File: C:/Users/GAD/Desktop/stm/Top/HDL/passive_top.sv Line: 106
# ** Warning: (vsim-3015) [PCDPC] - Port size (18) does not match connection size (1) for port 'd_in'. The port definition is at: C:/Users/GAD/Desktop/stm/Top/HDL/d_ff.sv(6).
#    Time: 0 ns  Iteration: 0  Instance: /passive_top_tb/PASSIVE_ALG/ff_med2_instans[3]/D1 File: C:/Users/GAD/Desktop/stm/Top/HDL/passive_top.sv Line: 106
# ** Warning: (vsim-3015) [PCDPC] - Port size (18) does not match connection size (1) for port 'd_out'. The port definition is at: C:/Users/GAD/Desktop/stm/Top/HDL/d_ff.sv(7).
#    Time: 0 ns  Iteration: 0  Instance: /passive_top_tb/PASSIVE_ALG/ff_med2_instans[3]/D1 File: C:/Users/GAD/Desktop/stm/Top/HDL/passive_top.sv Line: 106
# ** Warning: (vsim-3015) [PCDPC] - Port size (18) does not match connection size (1) for port 'd_in'. The port definition is at: C:/Users/GAD/Desktop/stm/Top/HDL/d_ff.sv(6).
#    Time: 0 ns  Iteration: 0  Instance: /passive_top_tb/PASSIVE_ALG/ff_med2_instans[4]/D1 File: C:/Users/GAD/Desktop/stm/Top/HDL/passive_top.sv Line: 106
# ** Warning: (vsim-3015) [PCDPC] - Port size (18) does not match connection size (1) for port 'd_out'. The port definition is at: C:/Users/GAD/Desktop/stm/Top/HDL/d_ff.sv(7).
#    Time: 0 ns  Iteration: 0  Instance: /passive_top_tb/PASSIVE_ALG/ff_med2_instans[4]/D1 File: C:/Users/GAD/Desktop/stm/Top/HDL/passive_top.sv Line: 106
# ** Warning: (vsim-3015) [PCDPC] - Port size (18) does not match connection size (1) for port 'd_in'. The port definition is at: C:/Users/GAD/Desktop/stm/Top/HDL/d_ff.sv(6).
#    Time: 0 ns  Iteration: 0  Instance: /passive_top_tb/PASSIVE_ALG/ff_med2_instans[5]/D1 File: C:/Users/GAD/Desktop/stm/Top/HDL/passive_top.sv Line: 106
# ** Warning: (vsim-3015) [PCDPC] - Port size (18) does not match connection size (1) for port 'd_out'. The port definition is at: C:/Users/GAD/Desktop/stm/Top/HDL/d_ff.sv(7).
#    Time: 0 ns  Iteration: 0  Instance: /passive_top_tb/PASSIVE_ALG/ff_med2_instans[5]/D1 File: C:/Users/GAD/Desktop/stm/Top/HDL/passive_top.sv Line: 106
# ** Warning: (vsim-3015) [PCDPC] - Port size (18) does not match connection size (1) for port 'd_in'. The port definition is at: C:/Users/GAD/Desktop/stm/Top/HDL/d_ff.sv(6).
#    Time: 0 ns  Iteration: 0  Instance: /passive_top_tb/PASSIVE_ALG/ff_med2_instans[6]/D1 File: C:/Users/GAD/Desktop/stm/Top/HDL/passive_top.sv Line: 106
# ** Warning: (vsim-3015) [PCDPC] - Port size (18) does not match connection size (1) for port 'd_out'. The port definition is at: C:/Users/GAD/Desktop/stm/Top/HDL/d_ff.sv(7).
#    Time: 0 ns  Iteration: 0  Instance: /passive_top_tb/PASSIVE_ALG/ff_med2_instans[6]/D1 File: C:/Users/GAD/Desktop/stm/Top/HDL/passive_top.sv Line: 106
# ** Warning: (vsim-3015) [PCDPC] - Port size (18) does not match connection size (1) for port 'd_in'. The port definition is at: C:/Users/GAD/Desktop/stm/Top/HDL/d_ff.sv(6).
#    Time: 0 ns  Iteration: 0  Instance: /passive_top_tb/PASSIVE_ALG/ff_med2_instans[7]/D1 File: C:/Users/GAD/Desktop/stm/Top/HDL/passive_top.sv Line: 106
# ** Warning: (vsim-3015) [PCDPC] - Port size (18) does not match connection size (1) for port 'd_out'. The port definition is at: C:/Users/GAD/Desktop/stm/Top/HDL/d_ff.sv(7).
#    Time: 0 ns  Iteration: 0  Instance: /passive_top_tb/PASSIVE_ALG/ff_med2_instans[7]/D1 File: C:/Users/GAD/Desktop/stm/Top/HDL/passive_top.sv Line: 106
# ** Warning: (vsim-3015) [PCDPC] - Port size (18) does not match connection size (1) for port 'd_in'. The port definition is at: C:/Users/GAD/Desktop/stm/Top/HDL/d_ff.sv(6).
#    Time: 0 ns  Iteration: 0  Instance: /passive_top_tb/PASSIVE_ALG/ff_med2_instans[8]/D1 File: C:/Users/GAD/Desktop/stm/Top/HDL/passive_top.sv Line: 106
# ** Warning: (vsim-3015) [PCDPC] - Port size (18) does not match connection size (1) for port 'd_out'. The port definition is at: C:/Users/GAD/Desktop/stm/Top/HDL/d_ff.sv(7).
#    Time: 0 ns  Iteration: 0  Instance: /passive_top_tb/PASSIVE_ALG/ff_med2_instans[8]/D1 File: C:/Users/GAD/Desktop/stm/Top/HDL/passive_top.sv Line: 106
# ** Warning: (vsim-3015) [PCDPC] - Port size (18) does not match connection size (1) for port 'd_in'. The port definition is at: C:/Users/GAD/Desktop/stm/Top/HDL/d_ff.sv(6).
#    Time: 0 ns  Iteration: 0  Instance: /passive_top_tb/PASSIVE_ALG/ff_med2_instans[9]/D1 File: C:/Users/GAD/Desktop/stm/Top/HDL/passive_top.sv Line: 106
# ** Warning: (vsim-3015) [PCDPC] - Port size (18) does not match connection size (1) for port 'd_out'. The port definition is at: C:/Users/GAD/Desktop/stm/Top/HDL/d_ff.sv(7).
#    Time: 0 ns  Iteration: 0  Instance: /passive_top_tb/PASSIVE_ALG/ff_med2_instans[9]/D1 File: C:/Users/GAD/Desktop/stm/Top/HDL/passive_top.sv Line: 106
# ** Warning: (vsim-3015) [PCDPC] - Port size (18) does not match connection size (1) for port 'd_in'. The port definition is at: C:/Users/GAD/Desktop/stm/Top/HDL/d_ff.sv(6).
#    Time: 0 ns  Iteration: 0  Instance: /passive_top_tb/PASSIVE_ALG/ff_med2_instans[10]/D1 File: C:/Users/GAD/Desktop/stm/Top/HDL/passive_top.sv Line: 106
# ** Warning: (vsim-3015) [PCDPC] - Port size (18) does not match connection size (1) for port 'd_out'. The port definition is at: C:/Users/GAD/Desktop/stm/Top/HDL/d_ff.sv(7).
#    Time: 0 ns  Iteration: 0  Instance: /passive_top_tb/PASSIVE_ALG/ff_med2_instans[10]/D1 File: C:/Users/GAD/Desktop/stm/Top/HDL/passive_top.sv Line: 106
# ** Warning: (vsim-3015) [PCDPC] - Port size (18) does not match connection size (1) for port 'd_in'. The port definition is at: C:/Users/GAD/Desktop/stm/Top/HDL/d_ff.sv(6).
#    Time: 0 ns  Iteration: 0  Instance: /passive_top_tb/PASSIVE_ALG/ff_med2_instans[11]/D1 File: C:/Users/GAD/Desktop/stm/Top/HDL/passive_top.sv Line: 106
# ** Warning: (vsim-3015) [PCDPC] - Port size (18) does not match connection size (1) for port 'd_out'. The port definition is at: C:/Users/GAD/Desktop/stm/Top/HDL/d_ff.sv(7).
#    Time: 0 ns  Iteration: 0  Instance: /passive_top_tb/PASSIVE_ALG/ff_med2_instans[11]/D1 File: C:/Users/GAD/Desktop/stm/Top/HDL/passive_top.sv Line: 106
# ** Warning: (vsim-3015) [PCDPC] - Port size (18) does not match connection size (1) for port 'd_in'. The port definition is at: C:/Users/GAD/Desktop/stm/Top/HDL/d_ff.sv(6).
#    Time: 0 ns  Iteration: 0  Instance: /passive_top_tb/PASSIVE_ALG/ff_med2_instans[12]/D1 File: C:/Users/GAD/Desktop/stm/Top/HDL/passive_top.sv Line: 106
# ** Warning: (vsim-3015) [PCDPC] - Port size (18) does not match connection size (1) for port 'd_out'. The port definition is at: C:/Users/GAD/Desktop/stm/Top/HDL/d_ff.sv(7).
#    Time: 0 ns  Iteration: 0  Instance: /passive_top_tb/PASSIVE_ALG/ff_med2_instans[12]/D1 File: C:/Users/GAD/Desktop/stm/Top/HDL/passive_top.sv Line: 106
# ** Warning: (vsim-3015) [PCDPC] - Port size (18) does not match connection size (1) for port 'd_in'. The port definition is at: C:/Users/GAD/Desktop/stm/Top/HDL/d_ff.sv(6).
#    Time: 0 ns  Iteration: 0  Instance: /passive_top_tb/PASSIVE_ALG/ff_med2_instans[13]/D1 File: C:/Users/GAD/Desktop/stm/Top/HDL/passive_top.sv Line: 106
# ** Warning: (vsim-3015) [PCDPC] - Port size (18) does not match connection size (1) for port 'd_out'. The port definition is at: C:/Users/GAD/Desktop/stm/Top/HDL/d_ff.sv(7).
#    Time: 0 ns  Iteration: 0  Instance: /passive_top_tb/PASSIVE_ALG/ff_med2_instans[13]/D1 File: C:/Users/GAD/Desktop/stm/Top/HDL/passive_top.sv Line: 106
# ** Warning: (vsim-3015) [PCDPC] - Port size (18) does not match connection size (1) for port 'd_in'. The port definition is at: C:/Users/GAD/Desktop/stm/Top/HDL/d_ff.sv(6).
#    Time: 0 ns  Iteration: 0  Instance: /passive_top_tb/PASSIVE_ALG/ff_med2_instans[14]/D1 File: C:/Users/GAD/Desktop/stm/Top/HDL/passive_top.sv Line: 106
# ** Warning: (vsim-3015) [PCDPC] - Port size (18) does not match connection size (1) for port 'd_out'. The port definition is at: C:/Users/GAD/Desktop/stm/Top/HDL/d_ff.sv(7).
#    Time: 0 ns  Iteration: 0  Instance: /passive_top_tb/PASSIVE_ALG/ff_med2_instans[14]/D1 File: C:/Users/GAD/Desktop/stm/Top/HDL/passive_top.sv Line: 106
# ** Warning: (vsim-3015) [PCDPC] - Port size (18) does not match connection size (1) for port 'd_in'. The port definition is at: C:/Users/GAD/Desktop/stm/Top/HDL/d_ff.sv(6).
#    Time: 0 ns  Iteration: 0  Instance: /passive_top_tb/PASSIVE_ALG/ff_med2_instans[15]/D1 File: C:/Users/GAD/Desktop/stm/Top/HDL/passive_top.sv Line: 106
# ** Warning: (vsim-3015) [PCDPC] - Port size (18) does not match connection size (1) for port 'd_out'. The port definition is at: C:/Users/GAD/Desktop/stm/Top/HDL/d_ff.sv(7).
#    Time: 0 ns  Iteration: 0  Instance: /passive_top_tb/PASSIVE_ALG/ff_med2_instans[15]/D1 File: C:/Users/GAD/Desktop/stm/Top/HDL/passive_top.sv Line: 106
# ** Warning: (vsim-3015) [PCDPC] - Port size (18) does not match connection size (1) for port 'd_in'. The port definition is at: C:/Users/GAD/Desktop/stm/Top/HDL/d_ff.sv(6).
#    Time: 0 ns  Iteration: 0  Instance: /passive_top_tb/PASSIVE_ALG/ff_med2_instans[16]/D1 File: C:/Users/GAD/Desktop/stm/Top/HDL/passive_top.sv Line: 106
# ** Warning: (vsim-3015) [PCDPC] - Port size (18) does not match connection size (1) for port 'd_out'. The port definition is at: C:/Users/GAD/Desktop/stm/Top/HDL/d_ff.sv(7).
#    Time: 0 ns  Iteration: 0  Instance: /passive_top_tb/PASSIVE_ALG/ff_med2_instans[16]/D1 File: C:/Users/GAD/Desktop/stm/Top/HDL/passive_top.sv Line: 106
# ** Warning: (vsim-3015) [PCDPC] - Port size (18) does not match connection size (1) for port 'd_in'. The port definition is at: C:/Users/GAD/Desktop/stm/Top/HDL/d_ff.sv(6).
#    Time: 0 ns  Iteration: 0  Instance: /passive_top_tb/PASSIVE_ALG/ff_med2_instans[17]/D1 File: C:/Users/GAD/Desktop/stm/Top/HDL/passive_top.sv Line: 106
# ** Warning: (vsim-3015) [PCDPC] - Port size (18) does not match connection size (1) for port 'd_out'. The port definition is at: C:/Users/GAD/Desktop/stm/Top/HDL/d_ff.sv(7).
#    Time: 0 ns  Iteration: 0  Instance: /passive_top_tb/PASSIVE_ALG/ff_med2_instans[17]/D1 File: C:/Users/GAD/Desktop/stm/Top/HDL/passive_top.sv Line: 106
# ** Warning: (vsim-3015) [PCDPC] - Port size (18) does not match connection size (1) for port 'd_in'. The port definition is at: C:/Users/GAD/Desktop/stm/Top/HDL/d_ff.sv(6).
#    Time: 0 ns  Iteration: 0  Instance: /passive_top_tb/PASSIVE_ALG/ff_med2_instans[18]/D1 File: C:/Users/GAD/Desktop/stm/Top/HDL/passive_top.sv Line: 106
# ** Warning: (vsim-3015) [PCDPC] - Port size (18) does not match connection size (1) for port 'd_out'. The port definition is at: C:/Users/GAD/Desktop/stm/Top/HDL/d_ff.sv(7).
#    Time: 0 ns  Iteration: 0  Instance: /passive_top_tb/PASSIVE_ALG/ff_med2_instans[18]/D1 File: C:/Users/GAD/Desktop/stm/Top/HDL/passive_top.sv Line: 106
# ** Warning: (vsim-3015) [PCDPC] - Port size (18) does not match connection size (1) for port 'd_in'. The port definition is at: C:/Users/GAD/Desktop/stm/Top/HDL/d_ff.sv(6).
#    Time: 0 ns  Iteration: 0  Instance: /passive_top_tb/PASSIVE_ALG/ff_med2_instans[19]/D1 File: C:/Users/GAD/Desktop/stm/Top/HDL/passive_top.sv Line: 106
# ** Warning: (vsim-3015) [PCDPC] - Port size (18) does not match connection size (1) for port 'd_out'. The port definition is at: C:/Users/GAD/Desktop/stm/Top/HDL/d_ff.sv(7).
#    Time: 0 ns  Iteration: 0  Instance: /passive_top_tb/PASSIVE_ALG/ff_med2_instans[19]/D1 File: C:/Users/GAD/Desktop/stm/Top/HDL/passive_top.sv Line: 106
# ** Warning: (vsim-3015) [PCDPC] - Port size (18) does not match connection size (1) for port 'd_in'. The port definition is at: C:/Users/GAD/Desktop/stm/Top/HDL/d_ff.sv(6).
#    Time: 0 ns  Iteration: 0  Instance: /passive_top_tb/PASSIVE_ALG/ff_med2_instans[20]/D1 File: C:/Users/GAD/Desktop/stm/Top/HDL/passive_top.sv Line: 106
# ** Warning: (vsim-3015) [PCDPC] - Port size (18) does not match connection size (1) for port 'd_out'. The port definition is at: C:/Users/GAD/Desktop/stm/Top/HDL/d_ff.sv(7).
#    Time: 0 ns  Iteration: 0  Instance: /passive_top_tb/PASSIVE_ALG/ff_med2_instans[20]/D1 File: C:/Users/GAD/Desktop/stm/Top/HDL/passive_top.sv Line: 106
# ** Warning: (vsim-3015) [PCDPC] - Port size (18) does not match connection size (1) for port 'd_in'. The port definition is at: C:/Users/GAD/Desktop/stm/Top/HDL/d_ff.sv(6).
#    Time: 0 ns  Iteration: 0  Instance: /passive_top_tb/PASSIVE_ALG/ff_med2_instans[21]/D1 File: C:/Users/GAD/Desktop/stm/Top/HDL/passive_top.sv Line: 106
# ** Warning: (vsim-3015) [PCDPC] - Port size (18) does not match connection size (1) for port 'd_out'. The port definition is at: C:/Users/GAD/Desktop/stm/Top/HDL/d_ff.sv(7).
#    Time: 0 ns  Iteration: 0  Instance: /passive_top_tb/PASSIVE_ALG/ff_med2_instans[21]/D1 File: C:/Users/GAD/Desktop/stm/Top/HDL/passive_top.sv Line: 106
# ** Warning: (vsim-3015) [PCDPC] - Port size (18) does not match connection size (1) for port 'd_in'. The port definition is at: C:/Users/GAD/Desktop/stm/Top/HDL/d_ff.sv(6).
#    Time: 0 ns  Iteration: 0  Instance: /passive_top_tb/PASSIVE_ALG/ff_med2_instans[22]/D1 File: C:/Users/GAD/Desktop/stm/Top/HDL/passive_top.sv Line: 106
# ** Warning: (vsim-3015) [PCDPC] - Port size (18) does not match connection size (1) for port 'd_out'. The port definition is at: C:/Users/GAD/Desktop/stm/Top/HDL/d_ff.sv(7).
#    Time: 0 ns  Iteration: 0  Instance: /passive_top_tb/PASSIVE_ALG/ff_med2_instans[22]/D1 File: C:/Users/GAD/Desktop/stm/Top/HDL/passive_top.sv Line: 106
# ** Warning: (vsim-3015) [PCDPC] - Port size (18) does not match connection size (1) for port 'd_in'. The port definition is at: C:/Users/GAD/Desktop/stm/Top/HDL/d_ff.sv(6).
#    Time: 0 ns  Iteration: 0  Instance: /passive_top_tb/PASSIVE_ALG/ff_med2_instans[23]/D1 File: C:/Users/GAD/Desktop/stm/Top/HDL/passive_top.sv Line: 106
# ** Warning: (vsim-3015) [PCDPC] - Port size (18) does not match connection size (1) for port 'd_out'. The port definition is at: C:/Users/GAD/Desktop/stm/Top/HDL/d_ff.sv(7).
#    Time: 0 ns  Iteration: 0  Instance: /passive_top_tb/PASSIVE_ALG/ff_med2_instans[23]/D1 File: C:/Users/GAD/Desktop/stm/Top/HDL/passive_top.sv Line: 106
# ** Warning: (vsim-3015) [PCDPC] - Port size (18) does not match connection size (1) for port 'd_in'. The port definition is at: C:/Users/GAD/Desktop/stm/Top/HDL/d_ff.sv(6).
#    Time: 0 ns  Iteration: 0  Instance: /passive_top_tb/PASSIVE_ALG/ff_med2_instans[24]/D1 File: C:/Users/GAD/Desktop/stm/Top/HDL/passive_top.sv Line: 106
# ** Warning: (vsim-3015) [PCDPC] - Port size (18) does not match connection size (1) for port 'd_out'. The port definition is at: C:/Users/GAD/Desktop/stm/Top/HDL/d_ff.sv(7).
#    Time: 0 ns  Iteration: 0  Instance: /passive_top_tb/PASSIVE_ALG/ff_med2_instans[24]/D1 File: C:/Users/GAD/Desktop/stm/Top/HDL/passive_top.sv Line: 106
# ** Warning: (vsim-3015) [PCDPC] - Port size (18) does not match connection size (1) for port 'd_in'. The port definition is at: C:/Users/GAD/Desktop/stm/Top/HDL/d_ff.sv(6).
#    Time: 0 ns  Iteration: 0  Instance: /passive_top_tb/PASSIVE_ALG/ff_med2_instans[25]/D1 File: C:/Users/GAD/Desktop/stm/Top/HDL/passive_top.sv Line: 106
# ** Warning: (vsim-3015) [PCDPC] - Port size (18) does not match connection size (1) for port 'd_out'. The port definition is at: C:/Users/GAD/Desktop/stm/Top/HDL/d_ff.sv(7).
#    Time: 0 ns  Iteration: 0  Instance: /passive_top_tb/PASSIVE_ALG/ff_med2_instans[25]/D1 File: C:/Users/GAD/Desktop/stm/Top/HDL/passive_top.sv Line: 106
# ** Warning: (vsim-3015) [PCDPC] - Port size (18) does not match connection size (1) for port 'd_in'. The port definition is at: C:/Users/GAD/Desktop/stm/Top/HDL/d_ff.sv(6).
#    Time: 0 ns  Iteration: 0  Instance: /passive_top_tb/PASSIVE_ALG/ff_med2_instans[26]/D1 File: C:/Users/GAD/Desktop/stm/Top/HDL/passive_top.sv Line: 106
# ** Warning: (vsim-3015) [PCDPC] - Port size (18) does not match connection size (1) for port 'd_out'. The port definition is at: C:/Users/GAD/Desktop/stm/Top/HDL/d_ff.sv(7).
#    Time: 0 ns  Iteration: 0  Instance: /passive_top_tb/PASSIVE_ALG/ff_med2_instans[26]/D1 File: C:/Users/GAD/Desktop/stm/Top/HDL/passive_top.sv Line: 106
# ** Warning: (vsim-3015) [PCDPC] - Port size (18) does not match connection size (1) for port 'd_in'. The port definition is at: C:/Users/GAD/Desktop/stm/Top/HDL/d_ff.sv(6).
#    Time: 0 ns  Iteration: 0  Instance: /passive_top_tb/PASSIVE_ALG/ff_med2_instans[27]/D1 File: C:/Users/GAD/Desktop/stm/Top/HDL/passive_top.sv Line: 106
# ** Warning: (vsim-3015) [PCDPC] - Port size (18) does not match connection size (1) for port 'd_out'. The port definition is at: C:/Users/GAD/Desktop/stm/Top/HDL/d_ff.sv(7).
#    Time: 0 ns  Iteration: 0  Instance: /passive_top_tb/PASSIVE_ALG/ff_med2_instans[27]/D1 File: C:/Users/GAD/Desktop/stm/Top/HDL/passive_top.sv Line: 106
# ** Warning: (vsim-3015) [PCDPC] - Port size (18) does not match connection size (1) for port 'd_in'. The port definition is at: C:/Users/GAD/Desktop/stm/Top/HDL/d_ff.sv(6).
#    Time: 0 ns  Iteration: 0  Instance: /passive_top_tb/PASSIVE_ALG/ff_med2_instans[28]/D1 File: C:/Users/GAD/Desktop/stm/Top/HDL/passive_top.sv Line: 106
# ** Warning: (vsim-3015) [PCDPC] - Port size (18) does not match connection size (1) for port 'd_out'. The port definition is at: C:/Users/GAD/Desktop/stm/Top/HDL/d_ff.sv(7).
#    Time: 0 ns  Iteration: 0  Instance: /passive_top_tb/PASSIVE_ALG/ff_med2_instans[28]/D1 File: C:/Users/GAD/Desktop/stm/Top/HDL/passive_top.sv Line: 106
# ** Warning: (vsim-3015) [PCDPC] - Port size (18) does not match connection size (1) for port 'd_in'. The port definition is at: C:/Users/GAD/Desktop/stm/Top/HDL/d_ff.sv(6).
#    Time: 0 ns  Iteration: 0  Instance: /passive_top_tb/PASSIVE_ALG/ff_med2_instans[29]/D1 File: C:/Users/GAD/Desktop/stm/Top/HDL/passive_top.sv Line: 106
# ** Warning: (vsim-3015) [PCDPC] - Port size (18) does not match connection size (1) for port 'd_out'. The port definition is at: C:/Users/GAD/Desktop/stm/Top/HDL/d_ff.sv(7).
#    Time: 0 ns  Iteration: 0  Instance: /passive_top_tb/PASSIVE_ALG/ff_med2_instans[29]/D1 File: C:/Users/GAD/Desktop/stm/Top/HDL/passive_top.sv Line: 106
# ** Warning: (vsim-3015) [PCDPC] - Port size (18) does not match connection size (1) for port 'd_in'. The port definition is at: C:/Users/GAD/Desktop/stm/Top/HDL/d_ff.sv(6).
#    Time: 0 ns  Iteration: 0  Instance: /passive_top_tb/PASSIVE_ALG/ff_med2_instans[30]/D1 File: C:/Users/GAD/Desktop/stm/Top/HDL/passive_top.sv Line: 106
# ** Warning: (vsim-3015) [PCDPC] - Port size (18) does not match connection size (1) for port 'd_out'. The port definition is at: C:/Users/GAD/Desktop/stm/Top/HDL/d_ff.sv(7).
#    Time: 0 ns  Iteration: 0  Instance: /passive_top_tb/PASSIVE_ALG/ff_med2_instans[30]/D1 File: C:/Users/GAD/Desktop/stm/Top/HDL/passive_top.sv Line: 106
# ** Warning: (vsim-3015) [PCDPC] - Port size (18) does not match connection size (1) for port 'd_in'. The port definition is at: C:/Users/GAD/Desktop/stm/Top/HDL/d_ff.sv(6).
#    Time: 0 ns  Iteration: 0  Instance: /passive_top_tb/PASSIVE_ALG/ff_med2_instans[31]/D1 File: C:/Users/GAD/Desktop/stm/Top/HDL/passive_top.sv Line: 106
# ** Warning: (vsim-3015) [PCDPC] - Port size (18) does not match connection size (1) for port 'd_out'. The port definition is at: C:/Users/GAD/Desktop/stm/Top/HDL/d_ff.sv(7).
#    Time: 0 ns  Iteration: 0  Instance: /passive_top_tb/PASSIVE_ALG/ff_med2_instans[31]/D1 File: C:/Users/GAD/Desktop/stm/Top/HDL/passive_top.sv Line: 106
# ** Warning: (vsim-3015) [PCDPC] - Port size (18) does not match connection size (1) for port 'd_in'. The port definition is at: C:/Users/GAD/Desktop/stm/Top/HDL/d_ff.sv(6).
#    Time: 0 ns  Iteration: 0  Instance: /passive_top_tb/PASSIVE_ALG/ff_med2_instans[32]/D1 File: C:/Users/GAD/Desktop/stm/Top/HDL/passive_top.sv Line: 106
# ** Warning: (vsim-3015) [PCDPC] - Port size (18) does not match connection size (1) for port 'd_out'. The port definition is at: C:/Users/GAD/Desktop/stm/Top/HDL/d_ff.sv(7).
#    Time: 0 ns  Iteration: 0  Instance: /passive_top_tb/PASSIVE_ALG/ff_med2_instans[32]/D1 File: C:/Users/GAD/Desktop/stm/Top/HDL/passive_top.sv Line: 106
# ** Warning: (vsim-3015) [PCDPC] - Port size (18) does not match connection size (1) for port 'd_in'. The port definition is at: C:/Users/GAD/Desktop/stm/Top/HDL/d_ff.sv(6).
#    Time: 0 ns  Iteration: 0  Instance: /passive_top_tb/PASSIVE_ALG/ff_med2_instans[33]/D1 File: C:/Users/GAD/Desktop/stm/Top/HDL/passive_top.sv Line: 106
# ** Warning: (vsim-3015) [PCDPC] - Port size (18) does not match connection size (1) for port 'd_out'. The port definition is at: C:/Users/GAD/Desktop/stm/Top/HDL/d_ff.sv(7).
#    Time: 0 ns  Iteration: 0  Instance: /passive_top_tb/PASSIVE_ALG/ff_med2_instans[33]/D1 File: C:/Users/GAD/Desktop/stm/Top/HDL/passive_top.sv Line: 106
# ** Warning: (vsim-3015) [PCDPC] - Port size (18) does not match connection size (1) for port 'd_in'. The port definition is at: C:/Users/GAD/Desktop/stm/Top/HDL/d_ff.sv(6).
#    Time: 0 ns  Iteration: 0  Instance: /passive_top_tb/PASSIVE_ALG/ff_med2_instans[34]/D1 File: C:/Users/GAD/Desktop/stm/Top/HDL/passive_top.sv Line: 106
# ** Warning: (vsim-3015) [PCDPC] - Port size (18) does not match connection size (1) for port 'd_out'. The port definition is at: C:/Users/GAD/Desktop/stm/Top/HDL/d_ff.sv(7).
#    Time: 0 ns  Iteration: 0  Instance: /passive_top_tb/PASSIVE_ALG/ff_med2_instans[34]/D1 File: C:/Users/GAD/Desktop/stm/Top/HDL/passive_top.sv Line: 106
# ** Warning: (vsim-3015) [PCDPC] - Port size (18) does not match connection size (1) for port 'd_in'. The port definition is at: C:/Users/GAD/Desktop/stm/Top/HDL/d_ff.sv(6).
#    Time: 0 ns  Iteration: 0  Instance: /passive_top_tb/PASSIVE_ALG/ff_med2_instans[35]/D1 File: C:/Users/GAD/Desktop/stm/Top/HDL/passive_top.sv Line: 106
# ** Warning: (vsim-3015) [PCDPC] - Port size (18) does not match connection size (1) for port 'd_out'. The port definition is at: C:/Users/GAD/Desktop/stm/Top/HDL/d_ff.sv(7).
#    Time: 0 ns  Iteration: 0  Instance: /passive_top_tb/PASSIVE_ALG/ff_med2_instans[35]/D1 File: C:/Users/GAD/Desktop/stm/Top/HDL/passive_top.sv Line: 106
# ** Warning: (vsim-3015) [PCDPC] - Port size (18) does not match connection size (1) for port 'd_in'. The port definition is at: C:/Users/GAD/Desktop/stm/Top/HDL/d_ff.sv(6).
#    Time: 0 ns  Iteration: 0  Instance: /passive_top_tb/PASSIVE_ALG/ff_med2_instans[36]/D1 File: C:/Users/GAD/Desktop/stm/Top/HDL/passive_top.sv Line: 106
# ** Warning: (vsim-3015) [PCDPC] - Port size (18) does not match connection size (1) for port 'd_out'. The port definition is at: C:/Users/GAD/Desktop/stm/Top/HDL/d_ff.sv(7).
#    Time: 0 ns  Iteration: 0  Instance: /passive_top_tb/PASSIVE_ALG/ff_med2_instans[36]/D1 File: C:/Users/GAD/Desktop/stm/Top/HDL/passive_top.sv Line: 106
# ** Warning: (vsim-3015) [PCDPC] - Port size (18) does not match connection size (1) for port 'd_in'. The port definition is at: C:/Users/GAD/Desktop/stm/Top/HDL/d_ff.sv(6).
#    Time: 0 ns  Iteration: 0  Instance: /passive_top_tb/PASSIVE_ALG/ff_med2_instans[37]/D1 File: C:/Users/GAD/Desktop/stm/Top/HDL/passive_top.sv Line: 106
# ** Warning: (vsim-3015) [PCDPC] - Port size (18) does not match connection size (1) for port 'd_out'. The port definition is at: C:/Users/GAD/Desktop/stm/Top/HDL/d_ff.sv(7).
#    Time: 0 ns  Iteration: 0  Instance: /passive_top_tb/PASSIVE_ALG/ff_med2_instans[37]/D1 File: C:/Users/GAD/Desktop/stm/Top/HDL/passive_top.sv Line: 106
# ** Warning: (vsim-3015) [PCDPC] - Port size (18) does not match connection size (1) for port 'd_in'. The port definition is at: C:/Users/GAD/Desktop/stm/Top/HDL/d_ff.sv(6).
#    Time: 0 ns  Iteration: 0  Instance: /passive_top_tb/PASSIVE_ALG/ff_med2_instans[38]/D1 File: C:/Users/GAD/Desktop/stm/Top/HDL/passive_top.sv Line: 106
# ** Warning: (vsim-3015) [PCDPC] - Port size (18) does not match connection size (1) for port 'd_out'. The port definition is at: C:/Users/GAD/Desktop/stm/Top/HDL/d_ff.sv(7).
#    Time: 0 ns  Iteration: 0  Instance: /passive_top_tb/PASSIVE_ALG/ff_med2_instans[38]/D1 File: C:/Users/GAD/Desktop/stm/Top/HDL/passive_top.sv Line: 106
# ** Warning: (vsim-3015) [PCDPC] - Port size (18) does not match connection size (1) for port 'd_in'. The port definition is at: C:/Users/GAD/Desktop/stm/Top/HDL/d_ff.sv(6).
#    Time: 0 ns  Iteration: 0  Instance: /passive_top_tb/PASSIVE_ALG/ff_med2_instans[39]/D1 File: C:/Users/GAD/Desktop/stm/Top/HDL/passive_top.sv Line: 106
# ** Warning: (vsim-3015) [PCDPC] - Port size (18) does not match connection size (1) for port 'd_out'. The port definition is at: C:/Users/GAD/Desktop/stm/Top/HDL/d_ff.sv(7).
#    Time: 0 ns  Iteration: 0  Instance: /passive_top_tb/PASSIVE_ALG/ff_med2_instans[39]/D1 File: C:/Users/GAD/Desktop/stm/Top/HDL/passive_top.sv Line: 106
# ** Warning: (vsim-3015) [PCDPC] - Port size (18) does not match connection size (1) for port 'd_in'. The port definition is at: C:/Users/GAD/Desktop/stm/Top/HDL/d_ff.sv(6).
#    Time: 0 ns  Iteration: 0  Instance: /passive_top_tb/PASSIVE_ALG/ff_med2_instans[40]/D1 File: C:/Users/GAD/Desktop/stm/Top/HDL/passive_top.sv Line: 106
# ** Warning: (vsim-3015) [PCDPC] - Port size (18) does not match connection size (1) for port 'd_out'. The port definition is at: C:/Users/GAD/Desktop/stm/Top/HDL/d_ff.sv(7).
#    Time: 0 ns  Iteration: 0  Instance: /passive_top_tb/PASSIVE_ALG/ff_med2_instans[40]/D1 File: C:/Users/GAD/Desktop/stm/Top/HDL/passive_top.sv Line: 106
# ** Warning: (vsim-3015) [PCDPC] - Port size (18) does not match connection size (1) for port 'd_in'. The port definition is at: C:/Users/GAD/Desktop/stm/Top/HDL/d_ff.sv(6).
#    Time: 0 ns  Iteration: 0  Instance: /passive_top_tb/PASSIVE_ALG/ff_med2_instans[41]/D1 File: C:/Users/GAD/Desktop/stm/Top/HDL/passive_top.sv Line: 106
# ** Warning: (vsim-3015) [PCDPC] - Port size (18) does not match connection size (1) for port 'd_out'. The port definition is at: C:/Users/GAD/Desktop/stm/Top/HDL/d_ff.sv(7).
#    Time: 0 ns  Iteration: 0  Instance: /passive_top_tb/PASSIVE_ALG/ff_med2_instans[41]/D1 File: C:/Users/GAD/Desktop/stm/Top/HDL/passive_top.sv Line: 106
# ** Warning: (vsim-3015) [PCDPC] - Port size (18) does not match connection size (1) for port 'd_in'. The port definition is at: C:/Users/GAD/Desktop/stm/Top/HDL/d_ff.sv(6).
#    Time: 0 ns  Iteration: 0  Instance: /passive_top_tb/PASSIVE_ALG/ff_med2_instans[42]/D1 File: C:/Users/GAD/Desktop/stm/Top/HDL/passive_top.sv Line: 106
# ** Warning: (vsim-3015) [PCDPC] - Port size (18) does not match connection size (1) for port 'd_out'. The port definition is at: C:/Users/GAD/Desktop/stm/Top/HDL/d_ff.sv(7).
#    Time: 0 ns  Iteration: 0  Instance: /passive_top_tb/PASSIVE_ALG/ff_med2_instans[42]/D1 File: C:/Users/GAD/Desktop/stm/Top/HDL/passive_top.sv Line: 106
# ** Warning: (vsim-3015) [PCDPC] - Port size (18) does not match connection size (1) for port 'd_in'. The port definition is at: C:/Users/GAD/Desktop/stm/Top/HDL/d_ff.sv(6).
#    Time: 0 ns  Iteration: 0  Instance: /passive_top_tb/PASSIVE_ALG/ff_med2_instans[43]/D1 File: C:/Users/GAD/Desktop/stm/Top/HDL/passive_top.sv Line: 106
# ** Warning: (vsim-3015) [PCDPC] - Port size (18) does not match connection size (1) for port 'd_out'. The port definition is at: C:/Users/GAD/Desktop/stm/Top/HDL/d_ff.sv(7).
#    Time: 0 ns  Iteration: 0  Instance: /passive_top_tb/PASSIVE_ALG/ff_med2_instans[43]/D1 File: C:/Users/GAD/Desktop/stm/Top/HDL/passive_top.sv Line: 106
# ** Warning: (vsim-3015) [PCDPC] - Port size (18) does not match connection size (1) for port 'd_in'. The port definition is at: C:/Users/GAD/Desktop/stm/Top/HDL/d_ff.sv(6).
#    Time: 0 ns  Iteration: 0  Instance: /passive_top_tb/PASSIVE_ALG/ff_med2_instans[44]/D1 File: C:/Users/GAD/Desktop/stm/Top/HDL/passive_top.sv Line: 106
# ** Warning: (vsim-3015) [PCDPC] - Port size (18) does not match connection size (1) for port 'd_out'. The port definition is at: C:/Users/GAD/Desktop/stm/Top/HDL/d_ff.sv(7).
#    Time: 0 ns  Iteration: 0  Instance: /passive_top_tb/PASSIVE_ALG/ff_med2_instans[44]/D1 File: C:/Users/GAD/Desktop/stm/Top/HDL/passive_top.sv Line: 106
# ** Warning: (vsim-3015) [PCDPC] - Port size (18) does not match connection size (1) for port 'd_in'. The port definition is at: C:/Users/GAD/Desktop/stm/Top/HDL/d_ff.sv(6).
#    Time: 0 ns  Iteration: 0  Instance: /passive_top_tb/PASSIVE_ALG/ff_med2_instans[45]/D1 File: C:/Users/GAD/Desktop/stm/Top/HDL/passive_top.sv Line: 106
# ** Warning: (vsim-3015) [PCDPC] - Port size (18) does not match connection size (1) for port 'd_out'. The port definition is at: C:/Users/GAD/Desktop/stm/Top/HDL/d_ff.sv(7).
#    Time: 0 ns  Iteration: 0  Instance: /passive_top_tb/PASSIVE_ALG/ff_med2_instans[45]/D1 File: C:/Users/GAD/Desktop/stm/Top/HDL/passive_top.sv Line: 106
# ** Warning: (vsim-3015) [PCDPC] - Port size (18) does not match connection size (1) for port 'd_in'. The port definition is at: C:/Users/GAD/Desktop/stm/Top/HDL/d_ff.sv(6).
#    Time: 0 ns  Iteration: 0  Instance: /passive_top_tb/PASSIVE_ALG/ff_med2_instans[46]/D1 File: C:/Users/GAD/Desktop/stm/Top/HDL/passive_top.sv Line: 106
# ** Warning: (vsim-3015) [PCDPC] - Port size (18) does not match connection size (1) for port 'd_out'. The port definition is at: C:/Users/GAD/Desktop/stm/Top/HDL/d_ff.sv(7).
#    Time: 0 ns  Iteration: 0  Instance: /passive_top_tb/PASSIVE_ALG/ff_med2_instans[46]/D1 File: C:/Users/GAD/Desktop/stm/Top/HDL/passive_top.sv Line: 106
# ** Warning: (vsim-3015) [PCDPC] - Port size (18) does not match connection size (1) for port 'd_in'. The port definition is at: C:/Users/GAD/Desktop/stm/Top/HDL/d_ff.sv(6).
#    Time: 0 ns  Iteration: 0  Instance: /passive_top_tb/PASSIVE_ALG/ff_med2_instans[47]/D1 File: C:/Users/GAD/Desktop/stm/Top/HDL/passive_top.sv Line: 106
# ** Warning: (vsim-3015) [PCDPC] - Port size (18) does not match connection size (1) for port 'd_out'. The port definition is at: C:/Users/GAD/Desktop/stm/Top/HDL/d_ff.sv(7).
#    Time: 0 ns  Iteration: 0  Instance: /passive_top_tb/PASSIVE_ALG/ff_med2_instans[47]/D1 File: C:/Users/GAD/Desktop/stm/Top/HDL/passive_top.sv Line: 106
# ** Warning: (vsim-3015) [PCDPC] - Port size (18) does not match connection size (1) for port 'd_in'. The port definition is at: C:/Users/GAD/Desktop/stm/Top/HDL/d_ff.sv(6).
#    Time: 0 ns  Iteration: 0  Instance: /passive_top_tb/PASSIVE_ALG/ff_med2_instans[48]/D1 File: C:/Users/GAD/Desktop/stm/Top/HDL/passive_top.sv Line: 106
# ** Warning: (vsim-3015) [PCDPC] - Port size (18) does not match connection size (1) for port 'd_out'. The port definition is at: C:/Users/GAD/Desktop/stm/Top/HDL/d_ff.sv(7).
#    Time: 0 ns  Iteration: 0  Instance: /passive_top_tb/PASSIVE_ALG/ff_med2_instans[48]/D1 File: C:/Users/GAD/Desktop/stm/Top/HDL/passive_top.sv Line: 106
# ** Warning: (vsim-3015) [PCDPC] - Port size (18) does not match connection size (1) for port 'd_in'. The port definition is at: C:/Users/GAD/Desktop/stm/Top/HDL/d_ff.sv(6).
#    Time: 0 ns  Iteration: 0  Instance: /passive_top_tb/PASSIVE_ALG/ff_med2_instans[49]/D1 File: C:/Users/GAD/Desktop/stm/Top/HDL/passive_top.sv Line: 106
# ** Warning: (vsim-3015) [PCDPC] - Port size (18) does not match connection size (1) for port 'd_out'. The port definition is at: C:/Users/GAD/Desktop/stm/Top/HDL/d_ff.sv(7).
#    Time: 0 ns  Iteration: 0  Instance: /passive_top_tb/PASSIVE_ALG/ff_med2_instans[49]/D1 File: C:/Users/GAD/Desktop/stm/Top/HDL/passive_top.sv Line: 106
# ** Warning: (vsim-3015) [PCDPC] - Port size (18) does not match connection size (1) for port 'd_in'. The port definition is at: C:/Users/GAD/Desktop/stm/Top/HDL/d_ff.sv(6).
#    Time: 0 ns  Iteration: 0  Instance: /passive_top_tb/PASSIVE_ALG/ff_med2_instans[50]/D1 File: C:/Users/GAD/Desktop/stm/Top/HDL/passive_top.sv Line: 106
# ** Warning: (vsim-3015) [PCDPC] - Port size (18) does not match connection size (1) for port 'd_out'. The port definition is at: C:/Users/GAD/Desktop/stm/Top/HDL/d_ff.sv(7).
#    Time: 0 ns  Iteration: 0  Instance: /passive_top_tb/PASSIVE_ALG/ff_med2_instans[50]/D1 File: C:/Users/GAD/Desktop/stm/Top/HDL/passive_top.sv Line: 106
# ** Warning: (vsim-3015) [PCDPC] - Port size (18) does not match connection size (1) for port 'd_in'. The port definition is at: C:/Users/GAD/Desktop/stm/Top/HDL/d_ff.sv(6).
#    Time: 0 ns  Iteration: 0  Instance: /passive_top_tb/PASSIVE_ALG/ff_med2_instans[51]/D1 File: C:/Users/GAD/Desktop/stm/Top/HDL/passive_top.sv Line: 106
# ** Warning: (vsim-3015) [PCDPC] - Port size (18) does not match connection size (1) for port 'd_out'. The port definition is at: C:/Users/GAD/Desktop/stm/Top/HDL/d_ff.sv(7).
#    Time: 0 ns  Iteration: 0  Instance: /passive_top_tb/PASSIVE_ALG/ff_med2_instans[51]/D1 File: C:/Users/GAD/Desktop/stm/Top/HDL/passive_top.sv Line: 106
# ** Warning: (vsim-3015) [PCDPC] - Port size (18) does not match connection size (1) for port 'd_in'. The port definition is at: C:/Users/GAD/Desktop/stm/Top/HDL/d_ff.sv(6).
#    Time: 0 ns  Iteration: 0  Instance: /passive_top_tb/PASSIVE_ALG/ff_med2_instans[52]/D1 File: C:/Users/GAD/Desktop/stm/Top/HDL/passive_top.sv Line: 106
# ** Warning: (vsim-3015) [PCDPC] - Port size (18) does not match connection size (1) for port 'd_out'. The port definition is at: C:/Users/GAD/Desktop/stm/Top/HDL/d_ff.sv(7).
#    Time: 0 ns  Iteration: 0  Instance: /passive_top_tb/PASSIVE_ALG/ff_med2_instans[52]/D1 File: C:/Users/GAD/Desktop/stm/Top/HDL/passive_top.sv Line: 106
# ** Warning: (vsim-3015) [PCDPC] - Port size (18) does not match connection size (1) for port 'd_in'. The port definition is at: C:/Users/GAD/Desktop/stm/Top/HDL/d_ff.sv(6).
#    Time: 0 ns  Iteration: 0  Instance: /passive_top_tb/PASSIVE_ALG/ff_med2_instans[53]/D1 File: C:/Users/GAD/Desktop/stm/Top/HDL/passive_top.sv Line: 106
# ** Warning: (vsim-3015) [PCDPC] - Port size (18) does not match connection size (1) for port 'd_out'. The port definition is at: C:/Users/GAD/Desktop/stm/Top/HDL/d_ff.sv(7).
#    Time: 0 ns  Iteration: 0  Instance: /passive_top_tb/PASSIVE_ALG/ff_med2_instans[53]/D1 File: C:/Users/GAD/Desktop/stm/Top/HDL/passive_top.sv Line: 106
# ** Warning: (vsim-3015) [PCDPC] - Port size (18) does not match connection size (1) for port 'd_in'. The port definition is at: C:/Users/GAD/Desktop/stm/Top/HDL/d_ff.sv(6).
#    Time: 0 ns  Iteration: 0  Instance: /passive_top_tb/PASSIVE_ALG/ff_med2_instans[54]/D1 File: C:/Users/GAD/Desktop/stm/Top/HDL/passive_top.sv Line: 106
# ** Warning: (vsim-3015) [PCDPC] - Port size (18) does not match connection size (1) for port 'd_out'. The port definition is at: C:/Users/GAD/Desktop/stm/Top/HDL/d_ff.sv(7).
#    Time: 0 ns  Iteration: 0  Instance: /passive_top_tb/PASSIVE_ALG/ff_med2_instans[54]/D1 File: C:/Users/GAD/Desktop/stm/Top/HDL/passive_top.sv Line: 106
# ** Warning: (vsim-3015) [PCDPC] - Port size (18) does not match connection size (1) for port 'd_in'. The port definition is at: C:/Users/GAD/Desktop/stm/Top/HDL/d_ff.sv(6).
#    Time: 0 ns  Iteration: 0  Instance: /passive_top_tb/PASSIVE_ALG/ff_med2_instans[55]/D1 File: C:/Users/GAD/Desktop/stm/Top/HDL/passive_top.sv Line: 106
# ** Warning: (vsim-3015) [PCDPC] - Port size (18) does not match connection size (1) for port 'd_out'. The port definition is at: C:/Users/GAD/Desktop/stm/Top/HDL/d_ff.sv(7).
#    Time: 0 ns  Iteration: 0  Instance: /passive_top_tb/PASSIVE_ALG/ff_med2_instans[55]/D1 File: C:/Users/GAD/Desktop/stm/Top/HDL/passive_top.sv Line: 106
# ** Warning: (vsim-3015) [PCDPC] - Port size (18) does not match connection size (1) for port 'd_in'. The port definition is at: C:/Users/GAD/Desktop/stm/Top/HDL/d_ff.sv(6).
#    Time: 0 ns  Iteration: 0  Instance: /passive_top_tb/PASSIVE_ALG/ff_med2_instans[56]/D1 File: C:/Users/GAD/Desktop/stm/Top/HDL/passive_top.sv Line: 106
# ** Warning: (vsim-3015) [PCDPC] - Port size (18) does not match connection size (1) for port 'd_out'. The port definition is at: C:/Users/GAD/Desktop/stm/Top/HDL/d_ff.sv(7).
#    Time: 0 ns  Iteration: 0  Instance: /passive_top_tb/PASSIVE_ALG/ff_med2_instans[56]/D1 File: C:/Users/GAD/Desktop/stm/Top/HDL/passive_top.sv Line: 106
# ** Warning: (vsim-3015) [PCDPC] - Port size (18) does not match connection size (1) for port 'd_in'. The port definition is at: C:/Users/GAD/Desktop/stm/Top/HDL/d_ff.sv(6).
#    Time: 0 ns  Iteration: 0  Instance: /passive_top_tb/PASSIVE_ALG/ff_med2_instans[57]/D1 File: C:/Users/GAD/Desktop/stm/Top/HDL/passive_top.sv Line: 106
# ** Warning: (vsim-3015) [PCDPC] - Port size (18) does not match connection size (1) for port 'd_out'. The port definition is at: C:/Users/GAD/Desktop/stm/Top/HDL/d_ff.sv(7).
#    Time: 0 ns  Iteration: 0  Instance: /passive_top_tb/PASSIVE_ALG/ff_med2_instans[57]/D1 File: C:/Users/GAD/Desktop/stm/Top/HDL/passive_top.sv Line: 106
# ** Warning: (vsim-3015) [PCDPC] - Port size (18) does not match connection size (1) for port 'd_in'. The port definition is at: C:/Users/GAD/Desktop/stm/Top/HDL/d_ff.sv(6).
#    Time: 0 ns  Iteration: 0  Instance: /passive_top_tb/PASSIVE_ALG/ff_med2_instans[58]/D1 File: C:/Users/GAD/Desktop/stm/Top/HDL/passive_top.sv Line: 106
# ** Warning: (vsim-3015) [PCDPC] - Port size (18) does not match connection size (1) for port 'd_out'. The port definition is at: C:/Users/GAD/Desktop/stm/Top/HDL/d_ff.sv(7).
#    Time: 0 ns  Iteration: 0  Instance: /passive_top_tb/PASSIVE_ALG/ff_med2_instans[58]/D1 File: C:/Users/GAD/Desktop/stm/Top/HDL/passive_top.sv Line: 106
# ** Warning: (vsim-3015) [PCDPC] - Port size (18) does not match connection size (1) for port 'd_in'. The port definition is at: C:/Users/GAD/Desktop/stm/Top/HDL/d_ff.sv(6).
#    Time: 0 ns  Iteration: 0  Instance: /passive_top_tb/PASSIVE_ALG/ff_med2_instans[59]/D1 File: C:/Users/GAD/Desktop/stm/Top/HDL/passive_top.sv Line: 106
# ** Warning: (vsim-3015) [PCDPC] - Port size (18) does not match connection size (1) for port 'd_out'. The port definition is at: C:/Users/GAD/Desktop/stm/Top/HDL/d_ff.sv(7).
#    Time: 0 ns  Iteration: 0  Instance: /passive_top_tb/PASSIVE_ALG/ff_med2_instans[59]/D1 File: C:/Users/GAD/Desktop/stm/Top/HDL/passive_top.sv Line: 106
# ** Warning: (vsim-3015) [PCDPC] - Port size (18) does not match connection size (1) for port 'd_in'. The port definition is at: C:/Users/GAD/Desktop/stm/Top/HDL/d_ff.sv(6).
#    Time: 0 ns  Iteration: 0  Instance: /passive_top_tb/PASSIVE_ALG/ff_med2_instans[60]/D1 File: C:/Users/GAD/Desktop/stm/Top/HDL/passive_top.sv Line: 106
# ** Warning: (vsim-3015) [PCDPC] - Port size (18) does not match connection size (1) for port 'd_out'. The port definition is at: C:/Users/GAD/Desktop/stm/Top/HDL/d_ff.sv(7).
#    Time: 0 ns  Iteration: 0  Instance: /passive_top_tb/PASSIVE_ALG/ff_med2_instans[60]/D1 File: C:/Users/GAD/Desktop/stm/Top/HDL/passive_top.sv Line: 106
# ** Warning: (vsim-3015) [PCDPC] - Port size (18) does not match connection size (1) for port 'd_in'. The port definition is at: C:/Users/GAD/Desktop/stm/Top/HDL/d_ff.sv(6).
#    Time: 0 ns  Iteration: 0  Instance: /passive_top_tb/PASSIVE_ALG/ff_med2_instans[61]/D1 File: C:/Users/GAD/Desktop/stm/Top/HDL/passive_top.sv Line: 106
# ** Warning: (vsim-3015) [PCDPC] - Port size (18) does not match connection size (1) for port 'd_out'. The port definition is at: C:/Users/GAD/Desktop/stm/Top/HDL/d_ff.sv(7).
#    Time: 0 ns  Iteration: 0  Instance: /passive_top_tb/PASSIVE_ALG/ff_med2_instans[61]/D1 File: C:/Users/GAD/Desktop/stm/Top/HDL/passive_top.sv Line: 106
# ** Warning: (vsim-3015) [PCDPC] - Port size (18) does not match connection size (1) for port 'd_in'. The port definition is at: C:/Users/GAD/Desktop/stm/Top/HDL/d_ff.sv(6).
#    Time: 0 ns  Iteration: 0  Instance: /passive_top_tb/PASSIVE_ALG/ff_med2_instans[62]/D1 File: C:/Users/GAD/Desktop/stm/Top/HDL/passive_top.sv Line: 106
# ** Warning: (vsim-3015) [PCDPC] - Port size (18) does not match connection size (1) for port 'd_out'. The port definition is at: C:/Users/GAD/Desktop/stm/Top/HDL/d_ff.sv(7).
#    Time: 0 ns  Iteration: 0  Instance: /passive_top_tb/PASSIVE_ALG/ff_med2_instans[62]/D1 File: C:/Users/GAD/Desktop/stm/Top/HDL/passive_top.sv Line: 106
# ** Warning: (vsim-3015) [PCDPC] - Port size (18) does not match connection size (1) for port 'd_in'. The port definition is at: C:/Users/GAD/Desktop/stm/Top/HDL/d_ff.sv(6).
#    Time: 0 ns  Iteration: 0  Instance: /passive_top_tb/PASSIVE_ALG/ff_med2_instans[63]/D1 File: C:/Users/GAD/Desktop/stm/Top/HDL/passive_top.sv Line: 106
# ** Warning: (vsim-3015) [PCDPC] - Port size (18) does not match connection size (1) for port 'd_out'. The port definition is at: C:/Users/GAD/Desktop/stm/Top/HDL/d_ff.sv(7).
#    Time: 0 ns  Iteration: 0  Instance: /passive_top_tb/PASSIVE_ALG/ff_med2_instans[63]/D1 File: C:/Users/GAD/Desktop/stm/Top/HDL/passive_top.sv Line: 106
run
run
run
# Compile of adder.sv was successful.
# Compile of adder_sub.sv was successful.
# Compile of bit_reverse.sv was successful.
# Compile of d_ff.sv was successful.
# Compile of fp_mul.sv was successful.
# Compile of LOD_a.sv was successful.
# Compile of multiplier.sv was successful.
# Compile of norm_l2_vec.sv was successful with warnings.
# Compile of nr_iteration.sv was successful.
# Compile of nr_pipeline_3iter.sv was successful.
# Compile of passive_alg_tb.sv was successful.
# Compile of passive_top.sv was successful with warnings.
# Compile of Phi.svh was successful.
# Compile of rsr.sv was successful.
# Compile of seed_generator.sv was successful.
# Compile of twos_comp_1cycle.sv was successful.
# 16 compiles, 0 failed with no errors.
# ** Error: Acs sdne.
# 
#        Unable to replace existing ini file (C:/Users/GAD/Desktop/stm/Top/HDL/a.mpf).  File can not be renamed.
# ** Error: Acs sdne.
# $
#        Unable to replace existing ini file (C:/Users/GAD/Desktop/stm/Top/HDL/a.mpf).  File can not be renamed.
# ** Error: Acs sdne.
# 
#        Unable to replace existing ini file (C:/Users/GAD/Desktop/stm/Top/HDL/a.mpf).  File can not be renamed.
restart -f
# ** Note: (vsim-12125) Error and warning message counts have been reset to '0' because of 'restart'.
# ** Note: (vsim-3813) Design is being optimized due to module recompilation...
# Loading sv_std.std
# Loading work.passive_top_tb(fast)
# Loading work.passive_top(fast)
# Loading work.d_ff(fast)
# Loading work.adder_sub(fast)
# Loading work.adder(fast)
# Loading work.norm_l2_vec(fast)
# Loading work.multiplier(fast)
# Loading work.rsr_top(fast)
# Loading work.LOD_a(fast)
# Loading work.bit_reverse(fast)
# Loading work.twos_comp_1cycle(fast)
# Loading work.seed_generator(fast)
# Loading work.nr_pipeline_3iter(fast)
# Loading work.nr_iteration(fast)
# Loading work.fp_mul(fast)
# ** Warning: (vsim-3015) [PCDPC] - Port size (18) does not match connection size (1) for port 'd_in'. The port definition is at: C:/Users/GAD/Desktop/stm/Top/HDL/d_ff.sv(6).
#    Time: 0 ns  Iteration: 0  Instance: /passive_top_tb/PASSIVE_ALG/ff_med2_instans[0]/D1 File: C:/Users/GAD/Desktop/stm/Top/HDL/passive_top.sv Line: 106
# ** Warning: (vsim-3015) [PCDPC] - Port size (18) does not match connection size (1) for port 'd_out'. The port definition is at: C:/Users/GAD/Desktop/stm/Top/HDL/d_ff.sv(7).
#    Time: 0 ns  Iteration: 0  Instance: /passive_top_tb/PASSIVE_ALG/ff_med2_instans[0]/D1 File: C:/Users/GAD/Desktop/stm/Top/HDL/passive_top.sv Line: 106
# ** Warning: (vsim-3015) [PCDPC] - Port size (18) does not match connection size (1) for port 'd_in'. The port definition is at: C:/Users/GAD/Desktop/stm/Top/HDL/d_ff.sv(6).
#    Time: 0 ns  Iteration: 0  Instance: /passive_top_tb/PASSIVE_ALG/ff_med2_instans[1]/D1 File: C:/Users/GAD/Desktop/stm/Top/HDL/passive_top.sv Line: 106
# ** Warning: (vsim-3015) [PCDPC] - Port size (18) does not match connection size (1) for port 'd_out'. The port definition is at: C:/Users/GAD/Desktop/stm/Top/HDL/d_ff.sv(7).
#    Time: 0 ns  Iteration: 0  Instance: /passive_top_tb/PASSIVE_ALG/ff_med2_instans[1]/D1 File: C:/Users/GAD/Desktop/stm/Top/HDL/passive_top.sv Line: 106
# ** Warning: (vsim-3015) [PCDPC] - Port size (18) does not match connection size (1) for port 'd_in'. The port definition is at: C:/Users/GAD/Desktop/stm/Top/HDL/d_ff.sv(6).
#    Time: 0 ns  Iteration: 0  Instance: /passive_top_tb/PASSIVE_ALG/ff_med2_instans[2]/D1 File: C:/Users/GAD/Desktop/stm/Top/HDL/passive_top.sv Line: 106
# ** Warning: (vsim-3015) [PCDPC] - Port size (18) does not match connection size (1) for port 'd_out'. The port definition is at: C:/Users/GAD/Desktop/stm/Top/HDL/d_ff.sv(7).
#    Time: 0 ns  Iteration: 0  Instance: /passive_top_tb/PASSIVE_ALG/ff_med2_instans[2]/D1 File: C:/Users/GAD/Desktop/stm/Top/HDL/passive_top.sv Line: 106
# ** Warning: (vsim-3015) [PCDPC] - Port size (18) does not match connection size (1) for port 'd_in'. The port definition is at: C:/Users/GAD/Desktop/stm/Top/HDL/d_ff.sv(6).
#    Time: 0 ns  Iteration: 0  Instance: /passive_top_tb/PASSIVE_ALG/ff_med2_instans[3]/D1 File: C:/Users/GAD/Desktop/stm/Top/HDL/passive_top.sv Line: 106
# ** Warning: (vsim-3015) [PCDPC] - Port size (18) does not match connection size (1) for port 'd_out'. The port definition is at: C:/Users/GAD/Desktop/stm/Top/HDL/d_ff.sv(7).
#    Time: 0 ns  Iteration: 0  Instance: /passive_top_tb/PASSIVE_ALG/ff_med2_instans[3]/D1 File: C:/Users/GAD/Desktop/stm/Top/HDL/passive_top.sv Line: 106
# ** Warning: (vsim-3015) [PCDPC] - Port size (18) does not match connection size (1) for port 'd_in'. The port definition is at: C:/Users/GAD/Desktop/stm/Top/HDL/d_ff.sv(6).
#    Time: 0 ns  Iteration: 0  Instance: /passive_top_tb/PASSIVE_ALG/ff_med2_instans[4]/D1 File: C:/Users/GAD/Desktop/stm/Top/HDL/passive_top.sv Line: 106
# ** Warning: (vsim-3015) [PCDPC] - Port size (18) does not match connection size (1) for port 'd_out'. The port definition is at: C:/Users/GAD/Desktop/stm/Top/HDL/d_ff.sv(7).
#    Time: 0 ns  Iteration: 0  Instance: /passive_top_tb/PASSIVE_ALG/ff_med2_instans[4]/D1 File: C:/Users/GAD/Desktop/stm/Top/HDL/passive_top.sv Line: 106
# ** Warning: (vsim-3015) [PCDPC] - Port size (18) does not match connection size (1) for port 'd_in'. The port definition is at: C:/Users/GAD/Desktop/stm/Top/HDL/d_ff.sv(6).
#    Time: 0 ns  Iteration: 0  Instance: /passive_top_tb/PASSIVE_ALG/ff_med2_instans[5]/D1 File: C:/Users/GAD/Desktop/stm/Top/HDL/passive_top.sv Line: 106
# ** Warning: (vsim-3015) [PCDPC] - Port size (18) does not match connection size (1) for port 'd_out'. The port definition is at: C:/Users/GAD/Desktop/stm/Top/HDL/d_ff.sv(7).
#    Time: 0 ns  Iteration: 0  Instance: /passive_top_tb/PASSIVE_ALG/ff_med2_instans[5]/D1 File: C:/Users/GAD/Desktop/stm/Top/HDL/passive_top.sv Line: 106
# ** Warning: (vsim-3015) [PCDPC] - Port size (18) does not match connection size (1) for port 'd_in'. The port definition is at: C:/Users/GAD/Desktop/stm/Top/HDL/d_ff.sv(6).
#    Time: 0 ns  Iteration: 0  Instance: /passive_top_tb/PASSIVE_ALG/ff_med2_instans[6]/D1 File: C:/Users/GAD/Desktop/stm/Top/HDL/passive_top.sv Line: 106
# ** Warning: (vsim-3015) [PCDPC] - Port size (18) does not match connection size (1) for port 'd_out'. The port definition is at: C:/Users/GAD/Desktop/stm/Top/HDL/d_ff.sv(7).
#    Time: 0 ns  Iteration: 0  Instance: /passive_top_tb/PASSIVE_ALG/ff_med2_instans[6]/D1 File: C:/Users/GAD/Desktop/stm/Top/HDL/passive_top.sv Line: 106
# ** Warning: (vsim-3015) [PCDPC] - Port size (18) does not match connection size (1) for port 'd_in'. The port definition is at: C:/Users/GAD/Desktop/stm/Top/HDL/d_ff.sv(6).
#    Time: 0 ns  Iteration: 0  Instance: /passive_top_tb/PASSIVE_ALG/ff_med2_instans[7]/D1 File: C:/Users/GAD/Desktop/stm/Top/HDL/passive_top.sv Line: 106
# ** Warning: (vsim-3015) [PCDPC] - Port size (18) does not match connection size (1) for port 'd_out'. The port definition is at: C:/Users/GAD/Desktop/stm/Top/HDL/d_ff.sv(7).
#    Time: 0 ns  Iteration: 0  Instance: /passive_top_tb/PASSIVE_ALG/ff_med2_instans[7]/D1 File: C:/Users/GAD/Desktop/stm/Top/HDL/passive_top.sv Line: 106
# ** Warning: (vsim-3015) [PCDPC] - Port size (18) does not match connection size (1) for port 'd_in'. The port definition is at: C:/Users/GAD/Desktop/stm/Top/HDL/d_ff.sv(6).
#    Time: 0 ns  Iteration: 0  Instance: /passive_top_tb/PASSIVE_ALG/ff_med2_instans[8]/D1 File: C:/Users/GAD/Desktop/stm/Top/HDL/passive_top.sv Line: 106
# ** Warning: (vsim-3015) [PCDPC] - Port size (18) does not match connection size (1) for port 'd_out'. The port definition is at: C:/Users/GAD/Desktop/stm/Top/HDL/d_ff.sv(7).
#    Time: 0 ns  Iteration: 0  Instance: /passive_top_tb/PASSIVE_ALG/ff_med2_instans[8]/D1 File: C:/Users/GAD/Desktop/stm/Top/HDL/passive_top.sv Line: 106
# ** Warning: (vsim-3015) [PCDPC] - Port size (18) does not match connection size (1) for port 'd_in'. The port definition is at: C:/Users/GAD/Desktop/stm/Top/HDL/d_ff.sv(6).
#    Time: 0 ns  Iteration: 0  Instance: /passive_top_tb/PASSIVE_ALG/ff_med2_instans[9]/D1 File: C:/Users/GAD/Desktop/stm/Top/HDL/passive_top.sv Line: 106
# ** Warning: (vsim-3015) [PCDPC] - Port size (18) does not match connection size (1) for port 'd_out'. The port definition is at: C:/Users/GAD/Desktop/stm/Top/HDL/d_ff.sv(7).
#    Time: 0 ns  Iteration: 0  Instance: /passive_top_tb/PASSIVE_ALG/ff_med2_instans[9]/D1 File: C:/Users/GAD/Desktop/stm/Top/HDL/passive_top.sv Line: 106
# ** Warning: (vsim-3015) [PCDPC] - Port size (18) does not match connection size (1) for port 'd_in'. The port definition is at: C:/Users/GAD/Desktop/stm/Top/HDL/d_ff.sv(6).
#    Time: 0 ns  Iteration: 0  Instance: /passive_top_tb/PASSIVE_ALG/ff_med2_instans[10]/D1 File: C:/Users/GAD/Desktop/stm/Top/HDL/passive_top.sv Line: 106
# ** Warning: (vsim-3015) [PCDPC] - Port size (18) does not match connection size (1) for port 'd_out'. The port definition is at: C:/Users/GAD/Desktop/stm/Top/HDL/d_ff.sv(7).
#    Time: 0 ns  Iteration: 0  Instance: /passive_top_tb/PASSIVE_ALG/ff_med2_instans[10]/D1 File: C:/Users/GAD/Desktop/stm/Top/HDL/passive_top.sv Line: 106
# ** Warning: (vsim-3015) [PCDPC] - Port size (18) does not match connection size (1) for port 'd_in'. The port definition is at: C:/Users/GAD/Desktop/stm/Top/HDL/d_ff.sv(6).
#    Time: 0 ns  Iteration: 0  Instance: /passive_top_tb/PASSIVE_ALG/ff_med2_instans[11]/D1 File: C:/Users/GAD/Desktop/stm/Top/HDL/passive_top.sv Line: 106
# ** Warning: (vsim-3015) [PCDPC] - Port size (18) does not match connection size (1) for port 'd_out'. The port definition is at: C:/Users/GAD/Desktop/stm/Top/HDL/d_ff.sv(7).
#    Time: 0 ns  Iteration: 0  Instance: /passive_top_tb/PASSIVE_ALG/ff_med2_instans[11]/D1 File: C:/Users/GAD/Desktop/stm/Top/HDL/passive_top.sv Line: 106
# ** Warning: (vsim-3015) [PCDPC] - Port size (18) does not match connection size (1) for port 'd_in'. The port definition is at: C:/Users/GAD/Desktop/stm/Top/HDL/d_ff.sv(6).
#    Time: 0 ns  Iteration: 0  Instance: /passive_top_tb/PASSIVE_ALG/ff_med2_instans[12]/D1 File: C:/Users/GAD/Desktop/stm/Top/HDL/passive_top.sv Line: 106
# ** Warning: (vsim-3015) [PCDPC] - Port size (18) does not match connection size (1) for port 'd_out'. The port definition is at: C:/Users/GAD/Desktop/stm/Top/HDL/d_ff.sv(7).
#    Time: 0 ns  Iteration: 0  Instance: /passive_top_tb/PASSIVE_ALG/ff_med2_instans[12]/D1 File: C:/Users/GAD/Desktop/stm/Top/HDL/passive_top.sv Line: 106
# ** Warning: (vsim-3015) [PCDPC] - Port size (18) does not match connection size (1) for port 'd_in'. The port definition is at: C:/Users/GAD/Desktop/stm/Top/HDL/d_ff.sv(6).
#    Time: 0 ns  Iteration: 0  Instance: /passive_top_tb/PASSIVE_ALG/ff_med2_instans[13]/D1 File: C:/Users/GAD/Desktop/stm/Top/HDL/passive_top.sv Line: 106
# ** Warning: (vsim-3015) [PCDPC] - Port size (18) does not match connection size (1) for port 'd_out'. The port definition is at: C:/Users/GAD/Desktop/stm/Top/HDL/d_ff.sv(7).
#    Time: 0 ns  Iteration: 0  Instance: /passive_top_tb/PASSIVE_ALG/ff_med2_instans[13]/D1 File: C:/Users/GAD/Desktop/stm/Top/HDL/passive_top.sv Line: 106
# ** Warning: (vsim-3015) [PCDPC] - Port size (18) does not match connection size (1) for port 'd_in'. The port definition is at: C:/Users/GAD/Desktop/stm/Top/HDL/d_ff.sv(6).
#    Time: 0 ns  Iteration: 0  Instance: /passive_top_tb/PASSIVE_ALG/ff_med2_instans[14]/D1 File: C:/Users/GAD/Desktop/stm/Top/HDL/passive_top.sv Line: 106
# ** Warning: (vsim-3015) [PCDPC] - Port size (18) does not match connection size (1) for port 'd_out'. The port definition is at: C:/Users/GAD/Desktop/stm/Top/HDL/d_ff.sv(7).
#    Time: 0 ns  Iteration: 0  Instance: /passive_top_tb/PASSIVE_ALG/ff_med2_instans[14]/D1 File: C:/Users/GAD/Desktop/stm/Top/HDL/passive_top.sv Line: 106
# ** Warning: (vsim-3015) [PCDPC] - Port size (18) does not match connection size (1) for port 'd_in'. The port definition is at: C:/Users/GAD/Desktop/stm/Top/HDL/d_ff.sv(6).
#    Time: 0 ns  Iteration: 0  Instance: /passive_top_tb/PASSIVE_ALG/ff_med2_instans[15]/D1 File: C:/Users/GAD/Desktop/stm/Top/HDL/passive_top.sv Line: 106
# ** Warning: (vsim-3015) [PCDPC] - Port size (18) does not match connection size (1) for port 'd_out'. The port definition is at: C:/Users/GAD/Desktop/stm/Top/HDL/d_ff.sv(7).
#    Time: 0 ns  Iteration: 0  Instance: /passive_top_tb/PASSIVE_ALG/ff_med2_instans[15]/D1 File: C:/Users/GAD/Desktop/stm/Top/HDL/passive_top.sv Line: 106
# ** Warning: (vsim-3015) [PCDPC] - Port size (18) does not match connection size (1) for port 'd_in'. The port definition is at: C:/Users/GAD/Desktop/stm/Top/HDL/d_ff.sv(6).
#    Time: 0 ns  Iteration: 0  Instance: /passive_top_tb/PASSIVE_ALG/ff_med2_instans[16]/D1 File: C:/Users/GAD/Desktop/stm/Top/HDL/passive_top.sv Line: 106
# ** Warning: (vsim-3015) [PCDPC] - Port size (18) does not match connection size (1) for port 'd_out'. The port definition is at: C:/Users/GAD/Desktop/stm/Top/HDL/d_ff.sv(7).
#    Time: 0 ns  Iteration: 0  Instance: /passive_top_tb/PASSIVE_ALG/ff_med2_instans[16]/D1 File: C:/Users/GAD/Desktop/stm/Top/HDL/passive_top.sv Line: 106
# ** Warning: (vsim-3015) [PCDPC] - Port size (18) does not match connection size (1) for port 'd_in'. The port definition is at: C:/Users/GAD/Desktop/stm/Top/HDL/d_ff.sv(6).
#    Time: 0 ns  Iteration: 0  Instance: /passive_top_tb/PASSIVE_ALG/ff_med2_instans[17]/D1 File: C:/Users/GAD/Desktop/stm/Top/HDL/passive_top.sv Line: 106
# ** Warning: (vsim-3015) [PCDPC] - Port size (18) does not match connection size (1) for port 'd_out'. The port definition is at: C:/Users/GAD/Desktop/stm/Top/HDL/d_ff.sv(7).
#    Time: 0 ns  Iteration: 0  Instance: /passive_top_tb/PASSIVE_ALG/ff_med2_instans[17]/D1 File: C:/Users/GAD/Desktop/stm/Top/HDL/passive_top.sv Line: 106
# ** Warning: (vsim-3015) [PCDPC] - Port size (18) does not match connection size (1) for port 'd_in'. The port definition is at: C:/Users/GAD/Desktop/stm/Top/HDL/d_ff.sv(6).
#    Time: 0 ns  Iteration: 0  Instance: /passive_top_tb/PASSIVE_ALG/ff_med2_instans[18]/D1 File: C:/Users/GAD/Desktop/stm/Top/HDL/passive_top.sv Line: 106
# ** Warning: (vsim-3015) [PCDPC] - Port size (18) does not match connection size (1) for port 'd_out'. The port definition is at: C:/Users/GAD/Desktop/stm/Top/HDL/d_ff.sv(7).
#    Time: 0 ns  Iteration: 0  Instance: /passive_top_tb/PASSIVE_ALG/ff_med2_instans[18]/D1 File: C:/Users/GAD/Desktop/stm/Top/HDL/passive_top.sv Line: 106
# ** Warning: (vsim-3015) [PCDPC] - Port size (18) does not match connection size (1) for port 'd_in'. The port definition is at: C:/Users/GAD/Desktop/stm/Top/HDL/d_ff.sv(6).
#    Time: 0 ns  Iteration: 0  Instance: /passive_top_tb/PASSIVE_ALG/ff_med2_instans[19]/D1 File: C:/Users/GAD/Desktop/stm/Top/HDL/passive_top.sv Line: 106
# ** Warning: (vsim-3015) [PCDPC] - Port size (18) does not match connection size (1) for port 'd_out'. The port definition is at: C:/Users/GAD/Desktop/stm/Top/HDL/d_ff.sv(7).
#    Time: 0 ns  Iteration: 0  Instance: /passive_top_tb/PASSIVE_ALG/ff_med2_instans[19]/D1 File: C:/Users/GAD/Desktop/stm/Top/HDL/passive_top.sv Line: 106
# ** Warning: (vsim-3015) [PCDPC] - Port size (18) does not match connection size (1) for port 'd_in'. The port definition is at: C:/Users/GAD/Desktop/stm/Top/HDL/d_ff.sv(6).
#    Time: 0 ns  Iteration: 0  Instance: /passive_top_tb/PASSIVE_ALG/ff_med2_instans[20]/D1 File: C:/Users/GAD/Desktop/stm/Top/HDL/passive_top.sv Line: 106
# ** Warning: (vsim-3015) [PCDPC] - Port size (18) does not match connection size (1) for port 'd_out'. The port definition is at: C:/Users/GAD/Desktop/stm/Top/HDL/d_ff.sv(7).
#    Time: 0 ns  Iteration: 0  Instance: /passive_top_tb/PASSIVE_ALG/ff_med2_instans[20]/D1 File: C:/Users/GAD/Desktop/stm/Top/HDL/passive_top.sv Line: 106
# ** Warning: (vsim-3015) [PCDPC] - Port size (18) does not match connection size (1) for port 'd_in'. The port definition is at: C:/Users/GAD/Desktop/stm/Top/HDL/d_ff.sv(6).
#    Time: 0 ns  Iteration: 0  Instance: /passive_top_tb/PASSIVE_ALG/ff_med2_instans[21]/D1 File: C:/Users/GAD/Desktop/stm/Top/HDL/passive_top.sv Line: 106
# ** Warning: (vsim-3015) [PCDPC] - Port size (18) does not match connection size (1) for port 'd_out'. The port definition is at: C:/Users/GAD/Desktop/stm/Top/HDL/d_ff.sv(7).
#    Time: 0 ns  Iteration: 0  Instance: /passive_top_tb/PASSIVE_ALG/ff_med2_instans[21]/D1 File: C:/Users/GAD/Desktop/stm/Top/HDL/passive_top.sv Line: 106
# ** Warning: (vsim-3015) [PCDPC] - Port size (18) does not match connection size (1) for port 'd_in'. The port definition is at: C:/Users/GAD/Desktop/stm/Top/HDL/d_ff.sv(6).
#    Time: 0 ns  Iteration: 0  Instance: /passive_top_tb/PASSIVE_ALG/ff_med2_instans[22]/D1 File: C:/Users/GAD/Desktop/stm/Top/HDL/passive_top.sv Line: 106
# ** Warning: (vsim-3015) [PCDPC] - Port size (18) does not match connection size (1) for port 'd_out'. The port definition is at: C:/Users/GAD/Desktop/stm/Top/HDL/d_ff.sv(7).
#    Time: 0 ns  Iteration: 0  Instance: /passive_top_tb/PASSIVE_ALG/ff_med2_instans[22]/D1 File: C:/Users/GAD/Desktop/stm/Top/HDL/passive_top.sv Line: 106
# ** Warning: (vsim-3015) [PCDPC] - Port size (18) does not match connection size (1) for port 'd_in'. The port definition is at: C:/Users/GAD/Desktop/stm/Top/HDL/d_ff.sv(6).
#    Time: 0 ns  Iteration: 0  Instance: /passive_top_tb/PASSIVE_ALG/ff_med2_instans[23]/D1 File: C:/Users/GAD/Desktop/stm/Top/HDL/passive_top.sv Line: 106
# ** Warning: (vsim-3015) [PCDPC] - Port size (18) does not match connection size (1) for port 'd_out'. The port definition is at: C:/Users/GAD/Desktop/stm/Top/HDL/d_ff.sv(7).
#    Time: 0 ns  Iteration: 0  Instance: /passive_top_tb/PASSIVE_ALG/ff_med2_instans[23]/D1 File: C:/Users/GAD/Desktop/stm/Top/HDL/passive_top.sv Line: 106
# ** Warning: (vsim-3015) [PCDPC] - Port size (18) does not match connection size (1) for port 'd_in'. The port definition is at: C:/Users/GAD/Desktop/stm/Top/HDL/d_ff.sv(6).
#    Time: 0 ns  Iteration: 0  Instance: /passive_top_tb/PASSIVE_ALG/ff_med2_instans[24]/D1 File: C:/Users/GAD/Desktop/stm/Top/HDL/passive_top.sv Line: 106
# ** Warning: (vsim-3015) [PCDPC] - Port size (18) does not match connection size (1) for port 'd_out'. The port definition is at: C:/Users/GAD/Desktop/stm/Top/HDL/d_ff.sv(7).
#    Time: 0 ns  Iteration: 0  Instance: /passive_top_tb/PASSIVE_ALG/ff_med2_instans[24]/D1 File: C:/Users/GAD/Desktop/stm/Top/HDL/passive_top.sv Line: 106
# ** Warning: (vsim-3015) [PCDPC] - Port size (18) does not match connection size (1) for port 'd_in'. The port definition is at: C:/Users/GAD/Desktop/stm/Top/HDL/d_ff.sv(6).
#    Time: 0 ns  Iteration: 0  Instance: /passive_top_tb/PASSIVE_ALG/ff_med2_instans[25]/D1 File: C:/Users/GAD/Desktop/stm/Top/HDL/passive_top.sv Line: 106
# ** Warning: (vsim-3015) [PCDPC] - Port size (18) does not match connection size (1) for port 'd_out'. The port definition is at: C:/Users/GAD/Desktop/stm/Top/HDL/d_ff.sv(7).
#    Time: 0 ns  Iteration: 0  Instance: /passive_top_tb/PASSIVE_ALG/ff_med2_instans[25]/D1 File: C:/Users/GAD/Desktop/stm/Top/HDL/passive_top.sv Line: 106
# ** Warning: (vsim-3015) [PCDPC] - Port size (18) does not match connection size (1) for port 'd_in'. The port definition is at: C:/Users/GAD/Desktop/stm/Top/HDL/d_ff.sv(6).
#    Time: 0 ns  Iteration: 0  Instance: /passive_top_tb/PASSIVE_ALG/ff_med2_instans[26]/D1 File: C:/Users/GAD/Desktop/stm/Top/HDL/passive_top.sv Line: 106
# ** Warning: (vsim-3015) [PCDPC] - Port size (18) does not match connection size (1) for port 'd_out'. The port definition is at: C:/Users/GAD/Desktop/stm/Top/HDL/d_ff.sv(7).
#    Time: 0 ns  Iteration: 0  Instance: /passive_top_tb/PASSIVE_ALG/ff_med2_instans[26]/D1 File: C:/Users/GAD/Desktop/stm/Top/HDL/passive_top.sv Line: 106
# ** Warning: (vsim-3015) [PCDPC] - Port size (18) does not match connection size (1) for port 'd_in'. The port definition is at: C:/Users/GAD/Desktop/stm/Top/HDL/d_ff.sv(6).
#    Time: 0 ns  Iteration: 0  Instance: /passive_top_tb/PASSIVE_ALG/ff_med2_instans[27]/D1 File: C:/Users/GAD/Desktop/stm/Top/HDL/passive_top.sv Line: 106
# ** Warning: (vsim-3015) [PCDPC] - Port size (18) does not match connection size (1) for port 'd_out'. The port definition is at: C:/Users/GAD/Desktop/stm/Top/HDL/d_ff.sv(7).
#    Time: 0 ns  Iteration: 0  Instance: /passive_top_tb/PASSIVE_ALG/ff_med2_instans[27]/D1 File: C:/Users/GAD/Desktop/stm/Top/HDL/passive_top.sv Line: 106
# ** Warning: (vsim-3015) [PCDPC] - Port size (18) does not match connection size (1) for port 'd_in'. The port definition is at: C:/Users/GAD/Desktop/stm/Top/HDL/d_ff.sv(6).
#    Time: 0 ns  Iteration: 0  Instance: /passive_top_tb/PASSIVE_ALG/ff_med2_instans[28]/D1 File: C:/Users/GAD/Desktop/stm/Top/HDL/passive_top.sv Line: 106
# ** Warning: (vsim-3015) [PCDPC] - Port size (18) does not match connection size (1) for port 'd_out'. The port definition is at: C:/Users/GAD/Desktop/stm/Top/HDL/d_ff.sv(7).
#    Time: 0 ns  Iteration: 0  Instance: /passive_top_tb/PASSIVE_ALG/ff_med2_instans[28]/D1 File: C:/Users/GAD/Desktop/stm/Top/HDL/passive_top.sv Line: 106
# ** Warning: (vsim-3015) [PCDPC] - Port size (18) does not match connection size (1) for port 'd_in'. The port definition is at: C:/Users/GAD/Desktop/stm/Top/HDL/d_ff.sv(6).
#    Time: 0 ns  Iteration: 0  Instance: /passive_top_tb/PASSIVE_ALG/ff_med2_instans[29]/D1 File: C:/Users/GAD/Desktop/stm/Top/HDL/passive_top.sv Line: 106
# ** Warning: (vsim-3015) [PCDPC] - Port size (18) does not match connection size (1) for port 'd_out'. The port definition is at: C:/Users/GAD/Desktop/stm/Top/HDL/d_ff.sv(7).
#    Time: 0 ns  Iteration: 0  Instance: /passive_top_tb/PASSIVE_ALG/ff_med2_instans[29]/D1 File: C:/Users/GAD/Desktop/stm/Top/HDL/passive_top.sv Line: 106
# ** Warning: (vsim-3015) [PCDPC] - Port size (18) does not match connection size (1) for port 'd_in'. The port definition is at: C:/Users/GAD/Desktop/stm/Top/HDL/d_ff.sv(6).
#    Time: 0 ns  Iteration: 0  Instance: /passive_top_tb/PASSIVE_ALG/ff_med2_instans[30]/D1 File: C:/Users/GAD/Desktop/stm/Top/HDL/passive_top.sv Line: 106
# ** Warning: (vsim-3015) [PCDPC] - Port size (18) does not match connection size (1) for port 'd_out'. The port definition is at: C:/Users/GAD/Desktop/stm/Top/HDL/d_ff.sv(7).
#    Time: 0 ns  Iteration: 0  Instance: /passive_top_tb/PASSIVE_ALG/ff_med2_instans[30]/D1 File: C:/Users/GAD/Desktop/stm/Top/HDL/passive_top.sv Line: 106
# ** Warning: (vsim-3015) [PCDPC] - Port size (18) does not match connection size (1) for port 'd_in'. The port definition is at: C:/Users/GAD/Desktop/stm/Top/HDL/d_ff.sv(6).
#    Time: 0 ns  Iteration: 0  Instance: /passive_top_tb/PASSIVE_ALG/ff_med2_instans[31]/D1 File: C:/Users/GAD/Desktop/stm/Top/HDL/passive_top.sv Line: 106
# ** Warning: (vsim-3015) [PCDPC] - Port size (18) does not match connection size (1) for port 'd_out'. The port definition is at: C:/Users/GAD/Desktop/stm/Top/HDL/d_ff.sv(7).
#    Time: 0 ns  Iteration: 0  Instance: /passive_top_tb/PASSIVE_ALG/ff_med2_instans[31]/D1 File: C:/Users/GAD/Desktop/stm/Top/HDL/passive_top.sv Line: 106
# ** Warning: (vsim-3015) [PCDPC] - Port size (18) does not match connection size (1) for port 'd_in'. The port definition is at: C:/Users/GAD/Desktop/stm/Top/HDL/d_ff.sv(6).
#    Time: 0 ns  Iteration: 0  Instance: /passive_top_tb/PASSIVE_ALG/ff_med2_instans[32]/D1 File: C:/Users/GAD/Desktop/stm/Top/HDL/passive_top.sv Line: 106
# ** Warning: (vsim-3015) [PCDPC] - Port size (18) does not match connection size (1) for port 'd_out'. The port definition is at: C:/Users/GAD/Desktop/stm/Top/HDL/d_ff.sv(7).
#    Time: 0 ns  Iteration: 0  Instance: /passive_top_tb/PASSIVE_ALG/ff_med2_instans[32]/D1 File: C:/Users/GAD/Desktop/stm/Top/HDL/passive_top.sv Line: 106
# ** Warning: (vsim-3015) [PCDPC] - Port size (18) does not match connection size (1) for port 'd_in'. The port definition is at: C:/Users/GAD/Desktop/stm/Top/HDL/d_ff.sv(6).
#    Time: 0 ns  Iteration: 0  Instance: /passive_top_tb/PASSIVE_ALG/ff_med2_instans[33]/D1 File: C:/Users/GAD/Desktop/stm/Top/HDL/passive_top.sv Line: 106
# ** Warning: (vsim-3015) [PCDPC] - Port size (18) does not match connection size (1) for port 'd_out'. The port definition is at: C:/Users/GAD/Desktop/stm/Top/HDL/d_ff.sv(7).
#    Time: 0 ns  Iteration: 0  Instance: /passive_top_tb/PASSIVE_ALG/ff_med2_instans[33]/D1 File: C:/Users/GAD/Desktop/stm/Top/HDL/passive_top.sv Line: 106
# ** Warning: (vsim-3015) [PCDPC] - Port size (18) does not match connection size (1) for port 'd_in'. The port definition is at: C:/Users/GAD/Desktop/stm/Top/HDL/d_ff.sv(6).
#    Time: 0 ns  Iteration: 0  Instance: /passive_top_tb/PASSIVE_ALG/ff_med2_instans[34]/D1 File: C:/Users/GAD/Desktop/stm/Top/HDL/passive_top.sv Line: 106
# ** Warning: (vsim-3015) [PCDPC] - Port size (18) does not match connection size (1) for port 'd_out'. The port definition is at: C:/Users/GAD/Desktop/stm/Top/HDL/d_ff.sv(7).
#    Time: 0 ns  Iteration: 0  Instance: /passive_top_tb/PASSIVE_ALG/ff_med2_instans[34]/D1 File: C:/Users/GAD/Desktop/stm/Top/HDL/passive_top.sv Line: 106
# ** Warning: (vsim-3015) [PCDPC] - Port size (18) does not match connection size (1) for port 'd_in'. The port definition is at: C:/Users/GAD/Desktop/stm/Top/HDL/d_ff.sv(6).
#    Time: 0 ns  Iteration: 0  Instance: /passive_top_tb/PASSIVE_ALG/ff_med2_instans[35]/D1 File: C:/Users/GAD/Desktop/stm/Top/HDL/passive_top.sv Line: 106
# ** Warning: (vsim-3015) [PCDPC] - Port size (18) does not match connection size (1) for port 'd_out'. The port definition is at: C:/Users/GAD/Desktop/stm/Top/HDL/d_ff.sv(7).
#    Time: 0 ns  Iteration: 0  Instance: /passive_top_tb/PASSIVE_ALG/ff_med2_instans[35]/D1 File: C:/Users/GAD/Desktop/stm/Top/HDL/passive_top.sv Line: 106
# ** Warning: (vsim-3015) [PCDPC] - Port size (18) does not match connection size (1) for port 'd_in'. The port definition is at: C:/Users/GAD/Desktop/stm/Top/HDL/d_ff.sv(6).
#    Time: 0 ns  Iteration: 0  Instance: /passive_top_tb/PASSIVE_ALG/ff_med2_instans[36]/D1 File: C:/Users/GAD/Desktop/stm/Top/HDL/passive_top.sv Line: 106
# ** Warning: (vsim-3015) [PCDPC] - Port size (18) does not match connection size (1) for port 'd_out'. The port definition is at: C:/Users/GAD/Desktop/stm/Top/HDL/d_ff.sv(7).
#    Time: 0 ns  Iteration: 0  Instance: /passive_top_tb/PASSIVE_ALG/ff_med2_instans[36]/D1 File: C:/Users/GAD/Desktop/stm/Top/HDL/passive_top.sv Line: 106
# ** Warning: (vsim-3015) [PCDPC] - Port size (18) does not match connection size (1) for port 'd_in'. The port definition is at: C:/Users/GAD/Desktop/stm/Top/HDL/d_ff.sv(6).
#    Time: 0 ns  Iteration: 0  Instance: /passive_top_tb/PASSIVE_ALG/ff_med2_instans[37]/D1 File: C:/Users/GAD/Desktop/stm/Top/HDL/passive_top.sv Line: 106
# ** Warning: (vsim-3015) [PCDPC] - Port size (18) does not match connection size (1) for port 'd_out'. The port definition is at: C:/Users/GAD/Desktop/stm/Top/HDL/d_ff.sv(7).
#    Time: 0 ns  Iteration: 0  Instance: /passive_top_tb/PASSIVE_ALG/ff_med2_instans[37]/D1 File: C:/Users/GAD/Desktop/stm/Top/HDL/passive_top.sv Line: 106
# ** Warning: (vsim-3015) [PCDPC] - Port size (18) does not match connection size (1) for port 'd_in'. The port definition is at: C:/Users/GAD/Desktop/stm/Top/HDL/d_ff.sv(6).
#    Time: 0 ns  Iteration: 0  Instance: /passive_top_tb/PASSIVE_ALG/ff_med2_instans[38]/D1 File: C:/Users/GAD/Desktop/stm/Top/HDL/passive_top.sv Line: 106
# ** Warning: (vsim-3015) [PCDPC] - Port size (18) does not match connection size (1) for port 'd_out'. The port definition is at: C:/Users/GAD/Desktop/stm/Top/HDL/d_ff.sv(7).
#    Time: 0 ns  Iteration: 0  Instance: /passive_top_tb/PASSIVE_ALG/ff_med2_instans[38]/D1 File: C:/Users/GAD/Desktop/stm/Top/HDL/passive_top.sv Line: 106
# ** Warning: (vsim-3015) [PCDPC] - Port size (18) does not match connection size (1) for port 'd_in'. The port definition is at: C:/Users/GAD/Desktop/stm/Top/HDL/d_ff.sv(6).
#    Time: 0 ns  Iteration: 0  Instance: /passive_top_tb/PASSIVE_ALG/ff_med2_instans[39]/D1 File: C:/Users/GAD/Desktop/stm/Top/HDL/passive_top.sv Line: 106
# ** Warning: (vsim-3015) [PCDPC] - Port size (18) does not match connection size (1) for port 'd_out'. The port definition is at: C:/Users/GAD/Desktop/stm/Top/HDL/d_ff.sv(7).
#    Time: 0 ns  Iteration: 0  Instance: /passive_top_tb/PASSIVE_ALG/ff_med2_instans[39]/D1 File: C:/Users/GAD/Desktop/stm/Top/HDL/passive_top.sv Line: 106
# ** Warning: (vsim-3015) [PCDPC] - Port size (18) does not match connection size (1) for port 'd_in'. The port definition is at: C:/Users/GAD/Desktop/stm/Top/HDL/d_ff.sv(6).
#    Time: 0 ns  Iteration: 0  Instance: /passive_top_tb/PASSIVE_ALG/ff_med2_instans[40]/D1 File: C:/Users/GAD/Desktop/stm/Top/HDL/passive_top.sv Line: 106
# ** Warning: (vsim-3015) [PCDPC] - Port size (18) does not match connection size (1) for port 'd_out'. The port definition is at: C:/Users/GAD/Desktop/stm/Top/HDL/d_ff.sv(7).
#    Time: 0 ns  Iteration: 0  Instance: /passive_top_tb/PASSIVE_ALG/ff_med2_instans[40]/D1 File: C:/Users/GAD/Desktop/stm/Top/HDL/passive_top.sv Line: 106
# ** Warning: (vsim-3015) [PCDPC] - Port size (18) does not match connection size (1) for port 'd_in'. The port definition is at: C:/Users/GAD/Desktop/stm/Top/HDL/d_ff.sv(6).
#    Time: 0 ns  Iteration: 0  Instance: /passive_top_tb/PASSIVE_ALG/ff_med2_instans[41]/D1 File: C:/Users/GAD/Desktop/stm/Top/HDL/passive_top.sv Line: 106
# ** Warning: (vsim-3015) [PCDPC] - Port size (18) does not match connection size (1) for port 'd_out'. The port definition is at: C:/Users/GAD/Desktop/stm/Top/HDL/d_ff.sv(7).
#    Time: 0 ns  Iteration: 0  Instance: /passive_top_tb/PASSIVE_ALG/ff_med2_instans[41]/D1 File: C:/Users/GAD/Desktop/stm/Top/HDL/passive_top.sv Line: 106
# ** Warning: (vsim-3015) [PCDPC] - Port size (18) does not match connection size (1) for port 'd_in'. The port definition is at: C:/Users/GAD/Desktop/stm/Top/HDL/d_ff.sv(6).
#    Time: 0 ns  Iteration: 0  Instance: /passive_top_tb/PASSIVE_ALG/ff_med2_instans[42]/D1 File: C:/Users/GAD/Desktop/stm/Top/HDL/passive_top.sv Line: 106
# ** Warning: (vsim-3015) [PCDPC] - Port size (18) does not match connection size (1) for port 'd_out'. The port definition is at: C:/Users/GAD/Desktop/stm/Top/HDL/d_ff.sv(7).
#    Time: 0 ns  Iteration: 0  Instance: /passive_top_tb/PASSIVE_ALG/ff_med2_instans[42]/D1 File: C:/Users/GAD/Desktop/stm/Top/HDL/passive_top.sv Line: 106
# ** Warning: (vsim-3015) [PCDPC] - Port size (18) does not match connection size (1) for port 'd_in'. The port definition is at: C:/Users/GAD/Desktop/stm/Top/HDL/d_ff.sv(6).
#    Time: 0 ns  Iteration: 0  Instance: /passive_top_tb/PASSIVE_ALG/ff_med2_instans[43]/D1 File: C:/Users/GAD/Desktop/stm/Top/HDL/passive_top.sv Line: 106
# ** Warning: (vsim-3015) [PCDPC] - Port size (18) does not match connection size (1) for port 'd_out'. The port definition is at: C:/Users/GAD/Desktop/stm/Top/HDL/d_ff.sv(7).
#    Time: 0 ns  Iteration: 0  Instance: /passive_top_tb/PASSIVE_ALG/ff_med2_instans[43]/D1 File: C:/Users/GAD/Desktop/stm/Top/HDL/passive_top.sv Line: 106
# ** Warning: (vsim-3015) [PCDPC] - Port size (18) does not match connection size (1) for port 'd_in'. The port definition is at: C:/Users/GAD/Desktop/stm/Top/HDL/d_ff.sv(6).
#    Time: 0 ns  Iteration: 0  Instance: /passive_top_tb/PASSIVE_ALG/ff_med2_instans[44]/D1 File: C:/Users/GAD/Desktop/stm/Top/HDL/passive_top.sv Line: 106
# ** Warning: (vsim-3015) [PCDPC] - Port size (18) does not match connection size (1) for port 'd_out'. The port definition is at: C:/Users/GAD/Desktop/stm/Top/HDL/d_ff.sv(7).
#    Time: 0 ns  Iteration: 0  Instance: /passive_top_tb/PASSIVE_ALG/ff_med2_instans[44]/D1 File: C:/Users/GAD/Desktop/stm/Top/HDL/passive_top.sv Line: 106
# ** Warning: (vsim-3015) [PCDPC] - Port size (18) does not match connection size (1) for port 'd_in'. The port definition is at: C:/Users/GAD/Desktop/stm/Top/HDL/d_ff.sv(6).
#    Time: 0 ns  Iteration: 0  Instance: /passive_top_tb/PASSIVE_ALG/ff_med2_instans[45]/D1 File: C:/Users/GAD/Desktop/stm/Top/HDL/passive_top.sv Line: 106
# ** Warning: (vsim-3015) [PCDPC] - Port size (18) does not match connection size (1) for port 'd_out'. The port definition is at: C:/Users/GAD/Desktop/stm/Top/HDL/d_ff.sv(7).
#    Time: 0 ns  Iteration: 0  Instance: /passive_top_tb/PASSIVE_ALG/ff_med2_instans[45]/D1 File: C:/Users/GAD/Desktop/stm/Top/HDL/passive_top.sv Line: 106
# ** Warning: (vsim-3015) [PCDPC] - Port size (18) does not match connection size (1) for port 'd_in'. The port definition is at: C:/Users/GAD/Desktop/stm/Top/HDL/d_ff.sv(6).
#    Time: 0 ns  Iteration: 0  Instance: /passive_top_tb/PASSIVE_ALG/ff_med2_instans[46]/D1 File: C:/Users/GAD/Desktop/stm/Top/HDL/passive_top.sv Line: 106
# ** Warning: (vsim-3015) [PCDPC] - Port size (18) does not match connection size (1) for port 'd_out'. The port definition is at: C:/Users/GAD/Desktop/stm/Top/HDL/d_ff.sv(7).
#    Time: 0 ns  Iteration: 0  Instance: /passive_top_tb/PASSIVE_ALG/ff_med2_instans[46]/D1 File: C:/Users/GAD/Desktop/stm/Top/HDL/passive_top.sv Line: 106
# ** Warning: (vsim-3015) [PCDPC] - Port size (18) does not match connection size (1) for port 'd_in'. The port definition is at: C:/Users/GAD/Desktop/stm/Top/HDL/d_ff.sv(6).
#    Time: 0 ns  Iteration: 0  Instance: /passive_top_tb/PASSIVE_ALG/ff_med2_instans[47]/D1 File: C:/Users/GAD/Desktop/stm/Top/HDL/passive_top.sv Line: 106
# ** Warning: (vsim-3015) [PCDPC] - Port size (18) does not match connection size (1) for port 'd_out'. The port definition is at: C:/Users/GAD/Desktop/stm/Top/HDL/d_ff.sv(7).
#    Time: 0 ns  Iteration: 0  Instance: /passive_top_tb/PASSIVE_ALG/ff_med2_instans[47]/D1 File: C:/Users/GAD/Desktop/stm/Top/HDL/passive_top.sv Line: 106
# ** Warning: (vsim-3015) [PCDPC] - Port size (18) does not match connection size (1) for port 'd_in'. The port definition is at: C:/Users/GAD/Desktop/stm/Top/HDL/d_ff.sv(6).
#    Time: 0 ns  Iteration: 0  Instance: /passive_top_tb/PASSIVE_ALG/ff_med2_instans[48]/D1 File: C:/Users/GAD/Desktop/stm/Top/HDL/passive_top.sv Line: 106
# ** Warning: (vsim-3015) [PCDPC] - Port size (18) does not match connection size (1) for port 'd_out'. The port definition is at: C:/Users/GAD/Desktop/stm/Top/HDL/d_ff.sv(7).
#    Time: 0 ns  Iteration: 0  Instance: /passive_top_tb/PASSIVE_ALG/ff_med2_instans[48]/D1 File: C:/Users/GAD/Desktop/stm/Top/HDL/passive_top.sv Line: 106
# ** Warning: (vsim-3015) [PCDPC] - Port size (18) does not match connection size (1) for port 'd_in'. The port definition is at: C:/Users/GAD/Desktop/stm/Top/HDL/d_ff.sv(6).
#    Time: 0 ns  Iteration: 0  Instance: /passive_top_tb/PASSIVE_ALG/ff_med2_instans[49]/D1 File: C:/Users/GAD/Desktop/stm/Top/HDL/passive_top.sv Line: 106
# ** Warning: (vsim-3015) [PCDPC] - Port size (18) does not match connection size (1) for port 'd_out'. The port definition is at: C:/Users/GAD/Desktop/stm/Top/HDL/d_ff.sv(7).
#    Time: 0 ns  Iteration: 0  Instance: /passive_top_tb/PASSIVE_ALG/ff_med2_instans[49]/D1 File: C:/Users/GAD/Desktop/stm/Top/HDL/passive_top.sv Line: 106
# ** Warning: (vsim-3015) [PCDPC] - Port size (18) does not match connection size (1) for port 'd_in'. The port definition is at: C:/Users/GAD/Desktop/stm/Top/HDL/d_ff.sv(6).
#    Time: 0 ns  Iteration: 0  Instance: /passive_top_tb/PASSIVE_ALG/ff_med2_instans[50]/D1 File: C:/Users/GAD/Desktop/stm/Top/HDL/passive_top.sv Line: 106
# ** Warning: (vsim-3015) [PCDPC] - Port size (18) does not match connection size (1) for port 'd_out'. The port definition is at: C:/Users/GAD/Desktop/stm/Top/HDL/d_ff.sv(7).
#    Time: 0 ns  Iteration: 0  Instance: /passive_top_tb/PASSIVE_ALG/ff_med2_instans[50]/D1 File: C:/Users/GAD/Desktop/stm/Top/HDL/passive_top.sv Line: 106
# ** Warning: (vsim-3015) [PCDPC] - Port size (18) does not match connection size (1) for port 'd_in'. The port definition is at: C:/Users/GAD/Desktop/stm/Top/HDL/d_ff.sv(6).
#    Time: 0 ns  Iteration: 0  Instance: /passive_top_tb/PASSIVE_ALG/ff_med2_instans[51]/D1 File: C:/Users/GAD/Desktop/stm/Top/HDL/passive_top.sv Line: 106
# ** Warning: (vsim-3015) [PCDPC] - Port size (18) does not match connection size (1) for port 'd_out'. The port definition is at: C:/Users/GAD/Desktop/stm/Top/HDL/d_ff.sv(7).
#    Time: 0 ns  Iteration: 0  Instance: /passive_top_tb/PASSIVE_ALG/ff_med2_instans[51]/D1 File: C:/Users/GAD/Desktop/stm/Top/HDL/passive_top.sv Line: 106
# ** Warning: (vsim-3015) [PCDPC] - Port size (18) does not match connection size (1) for port 'd_in'. The port definition is at: C:/Users/GAD/Desktop/stm/Top/HDL/d_ff.sv(6).
#    Time: 0 ns  Iteration: 0  Instance: /passive_top_tb/PASSIVE_ALG/ff_med2_instans[52]/D1 File: C:/Users/GAD/Desktop/stm/Top/HDL/passive_top.sv Line: 106
# ** Warning: (vsim-3015) [PCDPC] - Port size (18) does not match connection size (1) for port 'd_out'. The port definition is at: C:/Users/GAD/Desktop/stm/Top/HDL/d_ff.sv(7).
#    Time: 0 ns  Iteration: 0  Instance: /passive_top_tb/PASSIVE_ALG/ff_med2_instans[52]/D1 File: C:/Users/GAD/Desktop/stm/Top/HDL/passive_top.sv Line: 106
# ** Warning: (vsim-3015) [PCDPC] - Port size (18) does not match connection size (1) for port 'd_in'. The port definition is at: C:/Users/GAD/Desktop/stm/Top/HDL/d_ff.sv(6).
#    Time: 0 ns  Iteration: 0  Instance: /passive_top_tb/PASSIVE_ALG/ff_med2_instans[53]/D1 File: C:/Users/GAD/Desktop/stm/Top/HDL/passive_top.sv Line: 106
# ** Warning: (vsim-3015) [PCDPC] - Port size (18) does not match connection size (1) for port 'd_out'. The port definition is at: C:/Users/GAD/Desktop/stm/Top/HDL/d_ff.sv(7).
#    Time: 0 ns  Iteration: 0  Instance: /passive_top_tb/PASSIVE_ALG/ff_med2_instans[53]/D1 File: C:/Users/GAD/Desktop/stm/Top/HDL/passive_top.sv Line: 106
# ** Warning: (vsim-3015) [PCDPC] - Port size (18) does not match connection size (1) for port 'd_in'. The port definition is at: C:/Users/GAD/Desktop/stm/Top/HDL/d_ff.sv(6).
#    Time: 0 ns  Iteration: 0  Instance: /passive_top_tb/PASSIVE_ALG/ff_med2_instans[54]/D1 File: C:/Users/GAD/Desktop/stm/Top/HDL/passive_top.sv Line: 106
# ** Warning: (vsim-3015) [PCDPC] - Port size (18) does not match connection size (1) for port 'd_out'. The port definition is at: C:/Users/GAD/Desktop/stm/Top/HDL/d_ff.sv(7).
#    Time: 0 ns  Iteration: 0  Instance: /passive_top_tb/PASSIVE_ALG/ff_med2_instans[54]/D1 File: C:/Users/GAD/Desktop/stm/Top/HDL/passive_top.sv Line: 106
# ** Warning: (vsim-3015) [PCDPC] - Port size (18) does not match connection size (1) for port 'd_in'. The port definition is at: C:/Users/GAD/Desktop/stm/Top/HDL/d_ff.sv(6).
#    Time: 0 ns  Iteration: 0  Instance: /passive_top_tb/PASSIVE_ALG/ff_med2_instans[55]/D1 File: C:/Users/GAD/Desktop/stm/Top/HDL/passive_top.sv Line: 106
# ** Warning: (vsim-3015) [PCDPC] - Port size (18) does not match connection size (1) for port 'd_out'. The port definition is at: C:/Users/GAD/Desktop/stm/Top/HDL/d_ff.sv(7).
#    Time: 0 ns  Iteration: 0  Instance: /passive_top_tb/PASSIVE_ALG/ff_med2_instans[55]/D1 File: C:/Users/GAD/Desktop/stm/Top/HDL/passive_top.sv Line: 106
# ** Warning: (vsim-3015) [PCDPC] - Port size (18) does not match connection size (1) for port 'd_in'. The port definition is at: C:/Users/GAD/Desktop/stm/Top/HDL/d_ff.sv(6).
#    Time: 0 ns  Iteration: 0  Instance: /passive_top_tb/PASSIVE_ALG/ff_med2_instans[56]/D1 File: C:/Users/GAD/Desktop/stm/Top/HDL/passive_top.sv Line: 106
# ** Warning: (vsim-3015) [PCDPC] - Port size (18) does not match connection size (1) for port 'd_out'. The port definition is at: C:/Users/GAD/Desktop/stm/Top/HDL/d_ff.sv(7).
#    Time: 0 ns  Iteration: 0  Instance: /passive_top_tb/PASSIVE_ALG/ff_med2_instans[56]/D1 File: C:/Users/GAD/Desktop/stm/Top/HDL/passive_top.sv Line: 106
# ** Warning: (vsim-3015) [PCDPC] - Port size (18) does not match connection size (1) for port 'd_in'. The port definition is at: C:/Users/GAD/Desktop/stm/Top/HDL/d_ff.sv(6).
#    Time: 0 ns  Iteration: 0  Instance: /passive_top_tb/PASSIVE_ALG/ff_med2_instans[57]/D1 File: C:/Users/GAD/Desktop/stm/Top/HDL/passive_top.sv Line: 106
# ** Warning: (vsim-3015) [PCDPC] - Port size (18) does not match connection size (1) for port 'd_out'. The port definition is at: C:/Users/GAD/Desktop/stm/Top/HDL/d_ff.sv(7).
#    Time: 0 ns  Iteration: 0  Instance: /passive_top_tb/PASSIVE_ALG/ff_med2_instans[57]/D1 File: C:/Users/GAD/Desktop/stm/Top/HDL/passive_top.sv Line: 106
# ** Warning: (vsim-3015) [PCDPC] - Port size (18) does not match connection size (1) for port 'd_in'. The port definition is at: C:/Users/GAD/Desktop/stm/Top/HDL/d_ff.sv(6).
#    Time: 0 ns  Iteration: 0  Instance: /passive_top_tb/PASSIVE_ALG/ff_med2_instans[58]/D1 File: C:/Users/GAD/Desktop/stm/Top/HDL/passive_top.sv Line: 106
# ** Warning: (vsim-3015) [PCDPC] - Port size (18) does not match connection size (1) for port 'd_out'. The port definition is at: C:/Users/GAD/Desktop/stm/Top/HDL/d_ff.sv(7).
#    Time: 0 ns  Iteration: 0  Instance: /passive_top_tb/PASSIVE_ALG/ff_med2_instans[58]/D1 File: C:/Users/GAD/Desktop/stm/Top/HDL/passive_top.sv Line: 106
# ** Warning: (vsim-3015) [PCDPC] - Port size (18) does not match connection size (1) for port 'd_in'. The port definition is at: C:/Users/GAD/Desktop/stm/Top/HDL/d_ff.sv(6).
#    Time: 0 ns  Iteration: 0  Instance: /passive_top_tb/PASSIVE_ALG/ff_med2_instans[59]/D1 File: C:/Users/GAD/Desktop/stm/Top/HDL/passive_top.sv Line: 106
# ** Warning: (vsim-3015) [PCDPC] - Port size (18) does not match connection size (1) for port 'd_out'. The port definition is at: C:/Users/GAD/Desktop/stm/Top/HDL/d_ff.sv(7).
#    Time: 0 ns  Iteration: 0  Instance: /passive_top_tb/PASSIVE_ALG/ff_med2_instans[59]/D1 File: C:/Users/GAD/Desktop/stm/Top/HDL/passive_top.sv Line: 106
# ** Warning: (vsim-3015) [PCDPC] - Port size (18) does not match connection size (1) for port 'd_in'. The port definition is at: C:/Users/GAD/Desktop/stm/Top/HDL/d_ff.sv(6).
#    Time: 0 ns  Iteration: 0  Instance: /passive_top_tb/PASSIVE_ALG/ff_med2_instans[60]/D1 File: C:/Users/GAD/Desktop/stm/Top/HDL/passive_top.sv Line: 106
# ** Warning: (vsim-3015) [PCDPC] - Port size (18) does not match connection size (1) for port 'd_out'. The port definition is at: C:/Users/GAD/Desktop/stm/Top/HDL/d_ff.sv(7).
#    Time: 0 ns  Iteration: 0  Instance: /passive_top_tb/PASSIVE_ALG/ff_med2_instans[60]/D1 File: C:/Users/GAD/Desktop/stm/Top/HDL/passive_top.sv Line: 106
# ** Warning: (vsim-3015) [PCDPC] - Port size (18) does not match connection size (1) for port 'd_in'. The port definition is at: C:/Users/GAD/Desktop/stm/Top/HDL/d_ff.sv(6).
#    Time: 0 ns  Iteration: 0  Instance: /passive_top_tb/PASSIVE_ALG/ff_med2_instans[61]/D1 File: C:/Users/GAD/Desktop/stm/Top/HDL/passive_top.sv Line: 106
# ** Warning: (vsim-3015) [PCDPC] - Port size (18) does not match connection size (1) for port 'd_out'. The port definition is at: C:/Users/GAD/Desktop/stm/Top/HDL/d_ff.sv(7).
#    Time: 0 ns  Iteration: 0  Instance: /passive_top_tb/PASSIVE_ALG/ff_med2_instans[61]/D1 File: C:/Users/GAD/Desktop/stm/Top/HDL/passive_top.sv Line: 106
# ** Warning: (vsim-3015) [PCDPC] - Port size (18) does not match connection size (1) for port 'd_in'. The port definition is at: C:/Users/GAD/Desktop/stm/Top/HDL/d_ff.sv(6).
#    Time: 0 ns  Iteration: 0  Instance: /passive_top_tb/PASSIVE_ALG/ff_med2_instans[62]/D1 File: C:/Users/GAD/Desktop/stm/Top/HDL/passive_top.sv Line: 106
# ** Warning: (vsim-3015) [PCDPC] - Port size (18) does not match connection size (1) for port 'd_out'. The port definition is at: C:/Users/GAD/Desktop/stm/Top/HDL/d_ff.sv(7).
#    Time: 0 ns  Iteration: 0  Instance: /passive_top_tb/PASSIVE_ALG/ff_med2_instans[62]/D1 File: C:/Users/GAD/Desktop/stm/Top/HDL/passive_top.sv Line: 106
# ** Warning: (vsim-3015) [PCDPC] - Port size (18) does not match connection size (1) for port 'd_in'. The port definition is at: C:/Users/GAD/Desktop/stm/Top/HDL/d_ff.sv(6).
#    Time: 0 ns  Iteration: 0  Instance: /passive_top_tb/PASSIVE_ALG/ff_med2_instans[63]/D1 File: C:/Users/GAD/Desktop/stm/Top/HDL/passive_top.sv Line: 106
# ** Warning: (vsim-3015) [PCDPC] - Port size (18) does not match connection size (1) for port 'd_out'. The port definition is at: C:/Users/GAD/Desktop/stm/Top/HDL/d_ff.sv(7).
#    Time: 0 ns  Iteration: 0  Instance: /passive_top_tb/PASSIVE_ALG/ff_med2_instans[63]/D1 File: C:/Users/GAD/Desktop/stm/Top/HDL/passive_top.sv Line: 106
run
run
run
# Compile of adder.sv was successful.
# Compile of adder_sub.sv was successful.
# Compile of bit_reverse.sv was successful.
# Compile of d_ff.sv was successful.
# Compile of fp_mul.sv was successful.
# Compile of LOD_a.sv was successful.
# Compile of multiplier.sv was successful.
# Compile of norm_l2_vec.sv was successful with warnings.
# Compile of nr_iteration.sv was successful.
# Compile of nr_pipeline_3iter.sv was successful.
# Compile of passive_alg_tb.sv was successful.
restart -f
# ** Note: (vsim-12125) Error and warning message counts have been reset to '0' because of 'restart'.
# ** Note: (vsim-3813) Design is being optimized due to module recompilation...
# Loading sv_std.std
# Loading work.passive_top_tb(fast)
# Loading work.passive_top(fast)
# Loading work.d_ff(fast)
# Loading work.adder_sub(fast)
# Loading work.adder(fast)
# Loading work.norm_l2_vec(fast)
# Loading work.multiplier(fast)
# Loading work.rsr_top(fast)
# Loading work.LOD_a(fast)
# Loading work.bit_reverse(fast)
# Loading work.twos_comp_1cycle(fast)
# Loading work.seed_generator(fast)
# Loading work.nr_pipeline_3iter(fast)
# Loading work.nr_iteration(fast)
# Loading work.fp_mul(fast)
# ** Warning: (vsim-3015) [PCDPC] - Port size (18) does not match connection size (1) for port 'd_in'. The port definition is at: C:/Users/GAD/Desktop/stm/Top/HDL/d_ff.sv(6).
#    Time: 0 ns  Iteration: 0  Instance: /passive_top_tb/PASSIVE_ALG/ff_med2_instans[0]/D1 File: C:/Users/GAD/Desktop/stm/Top/HDL/passive_top.sv Line: 106
# ** Warning: (vsim-3015) [PCDPC] - Port size (18) does not match connection size (1) for port 'd_out'. The port definition is at: C:/Users/GAD/Desktop/stm/Top/HDL/d_ff.sv(7).
#    Time: 0 ns  Iteration: 0  Instance: /passive_top_tb/PASSIVE_ALG/ff_med2_instans[0]/D1 File: C:/Users/GAD/Desktop/stm/Top/HDL/passive_top.sv Line: 106
# ** Warning: (vsim-3015) [PCDPC] - Port size (18) does not match connection size (1) for port 'd_in'. The port definition is at: C:/Users/GAD/Desktop/stm/Top/HDL/d_ff.sv(6).
#    Time: 0 ns  Iteration: 0  Instance: /passive_top_tb/PASSIVE_ALG/ff_med2_instans[1]/D1 File: C:/Users/GAD/Desktop/stm/Top/HDL/passive_top.sv Line: 106
# ** Warning: (vsim-3015) [PCDPC] - Port size (18) does not match connection size (1) for port 'd_out'. The port definition is at: C:/Users/GAD/Desktop/stm/Top/HDL/d_ff.sv(7).
#    Time: 0 ns  Iteration: 0  Instance: /passive_top_tb/PASSIVE_ALG/ff_med2_instans[1]/D1 File: C:/Users/GAD/Desktop/stm/Top/HDL/passive_top.sv Line: 106
# ** Warning: (vsim-3015) [PCDPC] - Port size (18) does not match connection size (1) for port 'd_in'. The port definition is at: C:/Users/GAD/Desktop/stm/Top/HDL/d_ff.sv(6).
#    Time: 0 ns  Iteration: 0  Instance: /passive_top_tb/PASSIVE_ALG/ff_med2_instans[2]/D1 File: C:/Users/GAD/Desktop/stm/Top/HDL/passive_top.sv Line: 106
# ** Warning: (vsim-3015) [PCDPC] - Port size (18) does not match connection size (1) for port 'd_out'. The port definition is at: C:/Users/GAD/Desktop/stm/Top/HDL/d_ff.sv(7).
#    Time: 0 ns  Iteration: 0  Instance: /passive_top_tb/PASSIVE_ALG/ff_med2_instans[2]/D1 File: C:/Users/GAD/Desktop/stm/Top/HDL/passive_top.sv Line: 106
# ** Warning: (vsim-3015) [PCDPC] - Port size (18) does not match connection size (1) for port 'd_in'. The port definition is at: C:/Users/GAD/Desktop/stm/Top/HDL/d_ff.sv(6).
#    Time: 0 ns  Iteration: 0  Instance: /passive_top_tb/PASSIVE_ALG/ff_med2_instans[3]/D1 File: C:/Users/GAD/Desktop/stm/Top/HDL/passive_top.sv Line: 106
# ** Warning: (vsim-3015) [PCDPC] - Port size (18) does not match connection size (1) for port 'd_out'. The port definition is at: C:/Users/GAD/Desktop/stm/Top/HDL/d_ff.sv(7).
#    Time: 0 ns  Iteration: 0  Instance: /passive_top_tb/PASSIVE_ALG/ff_med2_instans[3]/D1 File: C:/Users/GAD/Desktop/stm/Top/HDL/passive_top.sv Line: 106
# ** Warning: (vsim-3015) [PCDPC] - Port size (18) does not match connection size (1) for port 'd_in'. The port definition is at: C:/Users/GAD/Desktop/stm/Top/HDL/d_ff.sv(6).
#    Time: 0 ns  Iteration: 0  Instance: /passive_top_tb/PASSIVE_ALG/ff_med2_instans[4]/D1 File: C:/Users/GAD/Desktop/stm/Top/HDL/passive_top.sv Line: 106
# ** Warning: (vsim-3015) [PCDPC] - Port size (18) does not match connection size (1) for port 'd_out'. The port definition is at: C:/Users/GAD/Desktop/stm/Top/HDL/d_ff.sv(7).
#    Time: 0 ns  Iteration: 0  Instance: /passive_top_tb/PASSIVE_ALG/ff_med2_instans[4]/D1 File: C:/Users/GAD/Desktop/stm/Top/HDL/passive_top.sv Line: 106
# ** Warning: (vsim-3015) [PCDPC] - Port size (18) does not match connection size (1) for port 'd_in'. The port definition is at: C:/Users/GAD/Desktop/stm/Top/HDL/d_ff.sv(6).
#    Time: 0 ns  Iteration: 0  Instance: /passive_top_tb/PASSIVE_ALG/ff_med2_instans[5]/D1 File: C:/Users/GAD/Desktop/stm/Top/HDL/passive_top.sv Line: 106
# ** Warning: (vsim-3015) [PCDPC] - Port size (18) does not match connection size (1) for port 'd_out'. The port definition is at: C:/Users/GAD/Desktop/stm/Top/HDL/d_ff.sv(7).
#    Time: 0 ns  Iteration: 0  Instance: /passive_top_tb/PASSIVE_ALG/ff_med2_instans[5]/D1 File: C:/Users/GAD/Desktop/stm/Top/HDL/passive_top.sv Line: 106
# ** Warning: (vsim-3015) [PCDPC] - Port size (18) does not match connection size (1) for port 'd_in'. The port definition is at: C:/Users/GAD/Desktop/stm/Top/HDL/d_ff.sv(6).
#    Time: 0 ns  Iteration: 0  Instance: /passive_top_tb/PASSIVE_ALG/ff_med2_instans[6]/D1 File: C:/Users/GAD/Desktop/stm/Top/HDL/passive_top.sv Line: 106
# ** Warning: (vsim-3015) [PCDPC] - Port size (18) does not match connection size (1) for port 'd_out'. The port definition is at: C:/Users/GAD/Desktop/stm/Top/HDL/d_ff.sv(7).
#    Time: 0 ns  Iteration: 0  Instance: /passive_top_tb/PASSIVE_ALG/ff_med2_instans[6]/D1 File: C:/Users/GAD/Desktop/stm/Top/HDL/passive_top.sv Line: 106
# ** Warning: (vsim-3015) [PCDPC] - Port size (18) does not match connection size (1) for port 'd_in'. The port definition is at: C:/Users/GAD/Desktop/stm/Top/HDL/d_ff.sv(6).
#    Time: 0 ns  Iteration: 0  Instance: /passive_top_tb/PASSIVE_ALG/ff_med2_instans[7]/D1 File: C:/Users/GAD/Desktop/stm/Top/HDL/passive_top.sv Line: 106
# ** Warning: (vsim-3015) [PCDPC] - Port size (18) does not match connection size (1) for port 'd_out'. The port definition is at: C:/Users/GAD/Desktop/stm/Top/HDL/d_ff.sv(7).
#    Time: 0 ns  Iteration: 0  Instance: /passive_top_tb/PASSIVE_ALG/ff_med2_instans[7]/D1 File: C:/Users/GAD/Desktop/stm/Top/HDL/passive_top.sv Line: 106
# ** Warning: (vsim-3015) [PCDPC] - Port size (18) does not match connection size (1) for port 'd_in'. The port definition is at: C:/Users/GAD/Desktop/stm/Top/HDL/d_ff.sv(6).
#    Time: 0 ns  Iteration: 0  Instance: /passive_top_tb/PASSIVE_ALG/ff_med2_instans[8]/D1 File: C:/Users/GAD/Desktop/stm/Top/HDL/passive_top.sv Line: 106
# ** Warning: (vsim-3015) [PCDPC] - Port size (18) does not match connection size (1) for port 'd_out'. The port definition is at: C:/Users/GAD/Desktop/stm/Top/HDL/d_ff.sv(7).
#    Time: 0 ns  Iteration: 0  Instance: /passive_top_tb/PASSIVE_ALG/ff_med2_instans[8]/D1 File: C:/Users/GAD/Desktop/stm/Top/HDL/passive_top.sv Line: 106
# ** Warning: (vsim-3015) [PCDPC] - Port size (18) does not match connection size (1) for port 'd_in'. The port definition is at: C:/Users/GAD/Desktop/stm/Top/HDL/d_ff.sv(6).
#    Time: 0 ns  Iteration: 0  Instance: /passive_top_tb/PASSIVE_ALG/ff_med2_instans[9]/D1 File: C:/Users/GAD/Desktop/stm/Top/HDL/passive_top.sv Line: 106
# ** Warning: (vsim-3015) [PCDPC] - Port size (18) does not match connection size (1) for port 'd_out'. The port definition is at: C:/Users/GAD/Desktop/stm/Top/HDL/d_ff.sv(7).
#    Time: 0 ns  Iteration: 0  Instance: /passive_top_tb/PASSIVE_ALG/ff_med2_instans[9]/D1 File: C:/Users/GAD/Desktop/stm/Top/HDL/passive_top.sv Line: 106
# ** Warning: (vsim-3015) [PCDPC] - Port size (18) does not match connection size (1) for port 'd_in'. The port definition is at: C:/Users/GAD/Desktop/stm/Top/HDL/d_ff.sv(6).
#    Time: 0 ns  Iteration: 0  Instance: /passive_top_tb/PASSIVE_ALG/ff_med2_instans[10]/D1 File: C:/Users/GAD/Desktop/stm/Top/HDL/passive_top.sv Line: 106
# ** Warning: (vsim-3015) [PCDPC] - Port size (18) does not match connection size (1) for port 'd_out'. The port definition is at: C:/Users/GAD/Desktop/stm/Top/HDL/d_ff.sv(7).
#    Time: 0 ns  Iteration: 0  Instance: /passive_top_tb/PASSIVE_ALG/ff_med2_instans[10]/D1 File: C:/Users/GAD/Desktop/stm/Top/HDL/passive_top.sv Line: 106
# ** Warning: (vsim-3015) [PCDPC] - Port size (18) does not match connection size (1) for port 'd_in'. The port definition is at: C:/Users/GAD/Desktop/stm/Top/HDL/d_ff.sv(6).
#    Time: 0 ns  Iteration: 0  Instance: /passive_top_tb/PASSIVE_ALG/ff_med2_instans[11]/D1 File: C:/Users/GAD/Desktop/stm/Top/HDL/passive_top.sv Line: 106
# ** Warning: (vsim-3015) [PCDPC] - Port size (18) does not match connection size (1) for port 'd_out'. The port definition is at: C:/Users/GAD/Desktop/stm/Top/HDL/d_ff.sv(7).
#    Time: 0 ns  Iteration: 0  Instance: /passive_top_tb/PASSIVE_ALG/ff_med2_instans[11]/D1 File: C:/Users/GAD/Desktop/stm/Top/HDL/passive_top.sv Line: 106
# ** Warning: (vsim-3015) [PCDPC] - Port size (18) does not match connection size (1) for port 'd_in'. The port definition is at: C:/Users/GAD/Desktop/stm/Top/HDL/d_ff.sv(6).
#    Time: 0 ns  Iteration: 0  Instance: /passive_top_tb/PASSIVE_ALG/ff_med2_instans[12]/D1 File: C:/Users/GAD/Desktop/stm/Top/HDL/passive_top.sv Line: 106
# ** Warning: (vsim-3015) [PCDPC] - Port size (18) does not match connection size (1) for port 'd_out'. The port definition is at: C:/Users/GAD/Desktop/stm/Top/HDL/d_ff.sv(7).
#    Time: 0 ns  Iteration: 0  Instance: /passive_top_tb/PASSIVE_ALG/ff_med2_instans[12]/D1 File: C:/Users/GAD/Desktop/stm/Top/HDL/passive_top.sv Line: 106
# ** Warning: (vsim-3015) [PCDPC] - Port size (18) does not match connection size (1) for port 'd_in'. The port definition is at: C:/Users/GAD/Desktop/stm/Top/HDL/d_ff.sv(6).
#    Time: 0 ns  Iteration: 0  Instance: /passive_top_tb/PASSIVE_ALG/ff_med2_instans[13]/D1 File: C:/Users/GAD/Desktop/stm/Top/HDL/passive_top.sv Line: 106
# ** Warning: (vsim-3015) [PCDPC] - Port size (18) does not match connection size (1) for port 'd_out'. The port definition is at: C:/Users/GAD/Desktop/stm/Top/HDL/d_ff.sv(7).
#    Time: 0 ns  Iteration: 0  Instance: /passive_top_tb/PASSIVE_ALG/ff_med2_instans[13]/D1 File: C:/Users/GAD/Desktop/stm/Top/HDL/passive_top.sv Line: 106
# ** Warning: (vsim-3015) [PCDPC] - Port size (18) does not match connection size (1) for port 'd_in'. The port definition is at: C:/Users/GAD/Desktop/stm/Top/HDL/d_ff.sv(6).
#    Time: 0 ns  Iteration: 0  Instance: /passive_top_tb/PASSIVE_ALG/ff_med2_instans[14]/D1 File: C:/Users/GAD/Desktop/stm/Top/HDL/passive_top.sv Line: 106
# ** Warning: (vsim-3015) [PCDPC] - Port size (18) does not match connection size (1) for port 'd_out'. The port definition is at: C:/Users/GAD/Desktop/stm/Top/HDL/d_ff.sv(7).
#    Time: 0 ns  Iteration: 0  Instance: /passive_top_tb/PASSIVE_ALG/ff_med2_instans[14]/D1 File: C:/Users/GAD/Desktop/stm/Top/HDL/passive_top.sv Line: 106
# ** Warning: (vsim-3015) [PCDPC] - Port size (18) does not match connection size (1) for port 'd_in'. The port definition is at: C:/Users/GAD/Desktop/stm/Top/HDL/d_ff.sv(6).
#    Time: 0 ns  Iteration: 0  Instance: /passive_top_tb/PASSIVE_ALG/ff_med2_instans[15]/D1 File: C:/Users/GAD/Desktop/stm/Top/HDL/passive_top.sv Line: 106
# ** Warning: (vsim-3015) [PCDPC] - Port size (18) does not match connection size (1) for port 'd_out'. The port definition is at: C:/Users/GAD/Desktop/stm/Top/HDL/d_ff.sv(7).
#    Time: 0 ns  Iteration: 0  Instance: /passive_top_tb/PASSIVE_ALG/ff_med2_instans[15]/D1 File: C:/Users/GAD/Desktop/stm/Top/HDL/passive_top.sv Line: 106
# ** Warning: (vsim-3015) [PCDPC] - Port size (18) does not match connection size (1) for port 'd_in'. The port definition is at: C:/Users/GAD/Desktop/stm/Top/HDL/d_ff.sv(6).
#    Time: 0 ns  Iteration: 0  Instance: /passive_top_tb/PASSIVE_ALG/ff_med2_instans[16]/D1 File: C:/Users/GAD/Desktop/stm/Top/HDL/passive_top.sv Line: 106
# ** Warning: (vsim-3015) [PCDPC] - Port size (18) does not match connection size (1) for port 'd_out'. The port definition is at: C:/Users/GAD/Desktop/stm/Top/HDL/d_ff.sv(7).
#    Time: 0 ns  Iteration: 0  Instance: /passive_top_tb/PASSIVE_ALG/ff_med2_instans[16]/D1 File: C:/Users/GAD/Desktop/stm/Top/HDL/passive_top.sv Line: 106
# ** Warning: (vsim-3015) [PCDPC] - Port size (18) does not match connection size (1) for port 'd_in'. The port definition is at: C:/Users/GAD/Desktop/stm/Top/HDL/d_ff.sv(6).
#    Time: 0 ns  Iteration: 0  Instance: /passive_top_tb/PASSIVE_ALG/ff_med2_instans[17]/D1 File: C:/Users/GAD/Desktop/stm/Top/HDL/passive_top.sv Line: 106
# ** Warning: (vsim-3015) [PCDPC] - Port size (18) does not match connection size (1) for port 'd_out'. The port definition is at: C:/Users/GAD/Desktop/stm/Top/HDL/d_ff.sv(7).
#    Time: 0 ns  Iteration: 0  Instance: /passive_top_tb/PASSIVE_ALG/ff_med2_instans[17]/D1 File: C:/Users/GAD/Desktop/stm/Top/HDL/passive_top.sv Line: 106
# ** Warning: (vsim-3015) [PCDPC] - Port size (18) does not match connection size (1) for port 'd_in'. The port definition is at: C:/Users/GAD/Desktop/stm/Top/HDL/d_ff.sv(6).
#    Time: 0 ns  Iteration: 0  Instance: /passive_top_tb/PASSIVE_ALG/ff_med2_instans[18]/D1 File: C:/Users/GAD/Desktop/stm/Top/HDL/passive_top.sv Line: 106
# ** Warning: (vsim-3015) [PCDPC] - Port size (18) does not match connection size (1) for port 'd_out'. The port definition is at: C:/Users/GAD/Desktop/stm/Top/HDL/d_ff.sv(7).
#    Time: 0 ns  Iteration: 0  Instance: /passive_top_tb/PASSIVE_ALG/ff_med2_instans[18]/D1 File: C:/Users/GAD/Desktop/stm/Top/HDL/passive_top.sv Line: 106
# ** Warning: (vsim-3015) [PCDPC] - Port size (18) does not match connection size (1) for port 'd_in'. The port definition is at: C:/Users/GAD/Desktop/stm/Top/HDL/d_ff.sv(6).
#    Time: 0 ns  Iteration: 0  Instance: /passive_top_tb/PASSIVE_ALG/ff_med2_instans[19]/D1 File: C:/Users/GAD/Desktop/stm/Top/HDL/passive_top.sv Line: 106
# ** Warning: (vsim-3015) [PCDPC] - Port size (18) does not match connection size (1) for port 'd_out'. The port definition is at: C:/Users/GAD/Desktop/stm/Top/HDL/d_ff.sv(7).
#    Time: 0 ns  Iteration: 0  Instance: /passive_top_tb/PASSIVE_ALG/ff_med2_instans[19]/D1 File: C:/Users/GAD/Desktop/stm/Top/HDL/passive_top.sv Line: 106
# ** Warning: (vsim-3015) [PCDPC] - Port size (18) does not match connection size (1) for port 'd_in'. The port definition is at: C:/Users/GAD/Desktop/stm/Top/HDL/d_ff.sv(6).
#    Time: 0 ns  Iteration: 0  Instance: /passive_top_tb/PASSIVE_ALG/ff_med2_instans[20]/D1 File: C:/Users/GAD/Desktop/stm/Top/HDL/passive_top.sv Line: 106
# ** Warning: (vsim-3015) [PCDPC] - Port size (18) does not match connection size (1) for port 'd_out'. The port definition is at: C:/Users/GAD/Desktop/stm/Top/HDL/d_ff.sv(7).
#    Time: 0 ns  Iteration: 0  Instance: /passive_top_tb/PASSIVE_ALG/ff_med2_instans[20]/D1 File: C:/Users/GAD/Desktop/stm/Top/HDL/passive_top.sv Line: 106
# ** Warning: (vsim-3015) [PCDPC] - Port size (18) does not match connection size (1) for port 'd_in'. The port definition is at: C:/Users/GAD/Desktop/stm/Top/HDL/d_ff.sv(6).
#    Time: 0 ns  Iteration: 0  Instance: /passive_top_tb/PASSIVE_ALG/ff_med2_instans[21]/D1 File: C:/Users/GAD/Desktop/stm/Top/HDL/passive_top.sv Line: 106
# ** Warning: (vsim-3015) [PCDPC] - Port size (18) does not match connection size (1) for port 'd_out'. The port definition is at: C:/Users/GAD/Desktop/stm/Top/HDL/d_ff.sv(7).
#    Time: 0 ns  Iteration: 0  Instance: /passive_top_tb/PASSIVE_ALG/ff_med2_instans[21]/D1 File: C:/Users/GAD/Desktop/stm/Top/HDL/passive_top.sv Line: 106
# ** Warning: (vsim-3015) [PCDPC] - Port size (18) does not match connection size (1) for port 'd_in'. The port definition is at: C:/Users/GAD/Desktop/stm/Top/HDL/d_ff.sv(6).
#    Time: 0 ns  Iteration: 0  Instance: /passive_top_tb/PASSIVE_ALG/ff_med2_instans[22]/D1 File: C:/Users/GAD/Desktop/stm/Top/HDL/passive_top.sv Line: 106
# ** Warning: (vsim-3015) [PCDPC] - Port size (18) does not match connection size (1) for port 'd_out'. The port definition is at: C:/Users/GAD/Desktop/stm/Top/HDL/d_ff.sv(7).
#    Time: 0 ns  Iteration: 0  Instance: /passive_top_tb/PASSIVE_ALG/ff_med2_instans[22]/D1 File: C:/Users/GAD/Desktop/stm/Top/HDL/passive_top.sv Line: 106
# ** Warning: (vsim-3015) [PCDPC] - Port size (18) does not match connection size (1) for port 'd_in'. The port definition is at: C:/Users/GAD/Desktop/stm/Top/HDL/d_ff.sv(6).
#    Time: 0 ns  Iteration: 0  Instance: /passive_top_tb/PASSIVE_ALG/ff_med2_instans[23]/D1 File: C:/Users/GAD/Desktop/stm/Top/HDL/passive_top.sv Line: 106
# ** Warning: (vsim-3015) [PCDPC] - Port size (18) does not match connection size (1) for port 'd_out'. The port definition is at: C:/Users/GAD/Desktop/stm/Top/HDL/d_ff.sv(7).
#    Time: 0 ns  Iteration: 0  Instance: /passive_top_tb/PASSIVE_ALG/ff_med2_instans[23]/D1 File: C:/Users/GAD/Desktop/stm/Top/HDL/passive_top.sv Line: 106
# ** Warning: (vsim-3015) [PCDPC] - Port size (18) does not match connection size (1) for port 'd_in'. The port definition is at: C:/Users/GAD/Desktop/stm/Top/HDL/d_ff.sv(6).
#    Time: 0 ns  Iteration: 0  Instance: /passive_top_tb/PASSIVE_ALG/ff_med2_instans[24]/D1 File: C:/Users/GAD/Desktop/stm/Top/HDL/passive_top.sv Line: 106
# ** Warning: (vsim-3015) [PCDPC] - Port size (18) does not match connection size (1) for port 'd_out'. The port definition is at: C:/Users/GAD/Desktop/stm/Top/HDL/d_ff.sv(7).
#    Time: 0 ns  Iteration: 0  Instance: /passive_top_tb/PASSIVE_ALG/ff_med2_instans[24]/D1 File: C:/Users/GAD/Desktop/stm/Top/HDL/passive_top.sv Line: 106
# ** Warning: (vsim-3015) [PCDPC] - Port size (18) does not match connection size (1) for port 'd_in'. The port definition is at: C:/Users/GAD/Desktop/stm/Top/HDL/d_ff.sv(6).
#    Time: 0 ns  Iteration: 0  Instance: /passive_top_tb/PASSIVE_ALG/ff_med2_instans[25]/D1 File: C:/Users/GAD/Desktop/stm/Top/HDL/passive_top.sv Line: 106
# ** Warning: (vsim-3015) [PCDPC] - Port size (18) does not match connection size (1) for port 'd_out'. The port definition is at: C:/Users/GAD/Desktop/stm/Top/HDL/d_ff.sv(7).
#    Time: 0 ns  Iteration: 0  Instance: /passive_top_tb/PASSIVE_ALG/ff_med2_instans[25]/D1 File: C:/Users/GAD/Desktop/stm/Top/HDL/passive_top.sv Line: 106
# ** Warning: (vsim-3015) [PCDPC] - Port size (18) does not match connection size (1) for port 'd_in'. The port definition is at: C:/Users/GAD/Desktop/stm/Top/HDL/d_ff.sv(6).
#    Time: 0 ns  Iteration: 0  Instance: /passive_top_tb/PASSIVE_ALG/ff_med2_instans[26]/D1 File: C:/Users/GAD/Desktop/stm/Top/HDL/passive_top.sv Line: 106
# ** Warning: (vsim-3015) [PCDPC] - Port size (18) does not match connection size (1) for port 'd_out'. The port definition is at: C:/Users/GAD/Desktop/stm/Top/HDL/d_ff.sv(7).
#    Time: 0 ns  Iteration: 0  Instance: /passive_top_tb/PASSIVE_ALG/ff_med2_instans[26]/D1 File: C:/Users/GAD/Desktop/stm/Top/HDL/passive_top.sv Line: 106
# ** Warning: (vsim-3015) [PCDPC] - Port size (18) does not match connection size (1) for port 'd_in'. The port definition is at: C:/Users/GAD/Desktop/stm/Top/HDL/d_ff.sv(6).
#    Time: 0 ns  Iteration: 0  Instance: /passive_top_tb/PASSIVE_ALG/ff_med2_instans[27]/D1 File: C:/Users/GAD/Desktop/stm/Top/HDL/passive_top.sv Line: 106
# ** Warning: (vsim-3015) [PCDPC] - Port size (18) does not match connection size (1) for port 'd_out'. The port definition is at: C:/Users/GAD/Desktop/stm/Top/HDL/d_ff.sv(7).
#    Time: 0 ns  Iteration: 0  Instance: /passive_top_tb/PASSIVE_ALG/ff_med2_instans[27]/D1 File: C:/Users/GAD/Desktop/stm/Top/HDL/passive_top.sv Line: 106
# ** Warning: (vsim-3015) [PCDPC] - Port size (18) does not match connection size (1) for port 'd_in'. The port definition is at: C:/Users/GAD/Desktop/stm/Top/HDL/d_ff.sv(6).
#    Time: 0 ns  Iteration: 0  Instance: /passive_top_tb/PASSIVE_ALG/ff_med2_instans[28]/D1 File: C:/Users/GAD/Desktop/stm/Top/HDL/passive_top.sv Line: 106
# ** Warning: (vsim-3015) [PCDPC] - Port size (18) does not match connection size (1) for port 'd_out'. The port definition is at: C:/Users/GAD/Desktop/stm/Top/HDL/d_ff.sv(7).
#    Time: 0 ns  Iteration: 0  Instance: /passive_top_tb/PASSIVE_ALG/ff_med2_instans[28]/D1 File: C:/Users/GAD/Desktop/stm/Top/HDL/passive_top.sv Line: 106
# ** Warning: (vsim-3015) [PCDPC] - Port size (18) does not match connection size (1) for port 'd_in'. The port definition is at: C:/Users/GAD/Desktop/stm/Top/HDL/d_ff.sv(6).
#    Time: 0 ns  Iteration: 0  Instance: /passive_top_tb/PASSIVE_ALG/ff_med2_instans[29]/D1 File: C:/Users/GAD/Desktop/stm/Top/HDL/passive_top.sv Line: 106
# ** Warning: (vsim-3015) [PCDPC] - Port size (18) does not match connection size (1) for port 'd_out'. The port definition is at: C:/Users/GAD/Desktop/stm/Top/HDL/d_ff.sv(7).
#    Time: 0 ns  Iteration: 0  Instance: /passive_top_tb/PASSIVE_ALG/ff_med2_instans[29]/D1 File: C:/Users/GAD/Desktop/stm/Top/HDL/passive_top.sv Line: 106
# ** Warning: (vsim-3015) [PCDPC] - Port size (18) does not match connection size (1) for port 'd_in'. The port definition is at: C:/Users/GAD/Desktop/stm/Top/HDL/d_ff.sv(6).
#    Time: 0 ns  Iteration: 0  Instance: /passive_top_tb/PASSIVE_ALG/ff_med2_instans[30]/D1 File: C:/Users/GAD/Desktop/stm/Top/HDL/passive_top.sv Line: 106
# ** Warning: (vsim-3015) [PCDPC] - Port size (18) does not match connection size (1) for port 'd_out'. The port definition is at: C:/Users/GAD/Desktop/stm/Top/HDL/d_ff.sv(7).
#    Time: 0 ns  Iteration: 0  Instance: /passive_top_tb/PASSIVE_ALG/ff_med2_instans[30]/D1 File: C:/Users/GAD/Desktop/stm/Top/HDL/passive_top.sv Line: 106
# ** Warning: (vsim-3015) [PCDPC] - Port size (18) does not match connection size (1) for port 'd_in'. The port definition is at: C:/Users/GAD/Desktop/stm/Top/HDL/d_ff.sv(6).
#    Time: 0 ns  Iteration: 0  Instance: /passive_top_tb/PASSIVE_ALG/ff_med2_instans[31]/D1 File: C:/Users/GAD/Desktop/stm/Top/HDL/passive_top.sv Line: 106
# ** Warning: (vsim-3015) [PCDPC] - Port size (18) does not match connection size (1) for port 'd_out'. The port definition is at: C:/Users/GAD/Desktop/stm/Top/HDL/d_ff.sv(7).
#    Time: 0 ns  Iteration: 0  Instance: /passive_top_tb/PASSIVE_ALG/ff_med2_instans[31]/D1 File: C:/Users/GAD/Desktop/stm/Top/HDL/passive_top.sv Line: 106
# ** Warning: (vsim-3015) [PCDPC] - Port size (18) does not match connection size (1) for port 'd_in'. The port definition is at: C:/Users/GAD/Desktop/stm/Top/HDL/d_ff.sv(6).
#    Time: 0 ns  Iteration: 0  Instance: /passive_top_tb/PASSIVE_ALG/ff_med2_instans[32]/D1 File: C:/Users/GAD/Desktop/stm/Top/HDL/passive_top.sv Line: 106
# ** Warning: (vsim-3015) [PCDPC] - Port size (18) does not match connection size (1) for port 'd_out'. The port definition is at: C:/Users/GAD/Desktop/stm/Top/HDL/d_ff.sv(7).
#    Time: 0 ns  Iteration: 0  Instance: /passive_top_tb/PASSIVE_ALG/ff_med2_instans[32]/D1 File: C:/Users/GAD/Desktop/stm/Top/HDL/passive_top.sv Line: 106
# ** Warning: (vsim-3015) [PCDPC] - Port size (18) does not match connection size (1) for port 'd_in'. The port definition is at: C:/Users/GAD/Desktop/stm/Top/HDL/d_ff.sv(6).
#    Time: 0 ns  Iteration: 0  Instance: /passive_top_tb/PASSIVE_ALG/ff_med2_instans[33]/D1 File: C:/Users/GAD/Desktop/stm/Top/HDL/passive_top.sv Line: 106
# ** Warning: (vsim-3015) [PCDPC] - Port size (18) does not match connection size (1) for port 'd_out'. The port definition is at: C:/Users/GAD/Desktop/stm/Top/HDL/d_ff.sv(7).
#    Time: 0 ns  Iteration: 0  Instance: /passive_top_tb/PASSIVE_ALG/ff_med2_instans[33]/D1 File: C:/Users/GAD/Desktop/stm/Top/HDL/passive_top.sv Line: 106
# ** Warning: (vsim-3015) [PCDPC] - Port size (18) does not match connection size (1) for port 'd_in'. The port definition is at: C:/Users/GAD/Desktop/stm/Top/HDL/d_ff.sv(6).
#    Time: 0 ns  Iteration: 0  Instance: /passive_top_tb/PASSIVE_ALG/ff_med2_instans[34]/D1 File: C:/Users/GAD/Desktop/stm/Top/HDL/passive_top.sv Line: 106
# ** Warning: (vsim-3015) [PCDPC] - Port size (18) does not match connection size (1) for port 'd_out'. The port definition is at: C:/Users/GAD/Desktop/stm/Top/HDL/d_ff.sv(7).
#    Time: 0 ns  Iteration: 0  Instance: /passive_top_tb/PASSIVE_ALG/ff_med2_instans[34]/D1 File: C:/Users/GAD/Desktop/stm/Top/HDL/passive_top.sv Line: 106
# ** Warning: (vsim-3015) [PCDPC] - Port size (18) does not match connection size (1) for port 'd_in'. The port definition is at: C:/Users/GAD/Desktop/stm/Top/HDL/d_ff.sv(6).
#    Time: 0 ns  Iteration: 0  Instance: /passive_top_tb/PASSIVE_ALG/ff_med2_instans[35]/D1 File: C:/Users/GAD/Desktop/stm/Top/HDL/passive_top.sv Line: 106
# ** Warning: (vsim-3015) [PCDPC] - Port size (18) does not match connection size (1) for port 'd_out'. The port definition is at: C:/Users/GAD/Desktop/stm/Top/HDL/d_ff.sv(7).
#    Time: 0 ns  Iteration: 0  Instance: /passive_top_tb/PASSIVE_ALG/ff_med2_instans[35]/D1 File: C:/Users/GAD/Desktop/stm/Top/HDL/passive_top.sv Line: 106
# ** Warning: (vsim-3015) [PCDPC] - Port size (18) does not match connection size (1) for port 'd_in'. The port definition is at: C:/Users/GAD/Desktop/stm/Top/HDL/d_ff.sv(6).
#    Time: 0 ns  Iteration: 0  Instance: /passive_top_tb/PASSIVE_ALG/ff_med2_instans[36]/D1 File: C:/Users/GAD/Desktop/stm/Top/HDL/passive_top.sv Line: 106
# ** Warning: (vsim-3015) [PCDPC] - Port size (18) does not match connection size (1) for port 'd_out'. The port definition is at: C:/Users/GAD/Desktop/stm/Top/HDL/d_ff.sv(7).
#    Time: 0 ns  Iteration: 0  Instance: /passive_top_tb/PASSIVE_ALG/ff_med2_instans[36]/D1 File: C:/Users/GAD/Desktop/stm/Top/HDL/passive_top.sv Line: 106
# ** Warning: (vsim-3015) [PCDPC] - Port size (18) does not match connection size (1) for port 'd_in'. The port definition is at: C:/Users/GAD/Desktop/stm/Top/HDL/d_ff.sv(6).
#    Time: 0 ns  Iteration: 0  Instance: /passive_top_tb/PASSIVE_ALG/ff_med2_instans[37]/D1 File: C:/Users/GAD/Desktop/stm/Top/HDL/passive_top.sv Line: 106
# ** Warning: (vsim-3015) [PCDPC] - Port size (18) does not match connection size (1) for port 'd_out'. The port definition is at: C:/Users/GAD/Desktop/stm/Top/HDL/d_ff.sv(7).
#    Time: 0 ns  Iteration: 0  Instance: /passive_top_tb/PASSIVE_ALG/ff_med2_instans[37]/D1 File: C:/Users/GAD/Desktop/stm/Top/HDL/passive_top.sv Line: 106
# ** Warning: (vsim-3015) [PCDPC] - Port size (18) does not match connection size (1) for port 'd_in'. The port definition is at: C:/Users/GAD/Desktop/stm/Top/HDL/d_ff.sv(6).
#    Time: 0 ns  Iteration: 0  Instance: /passive_top_tb/PASSIVE_ALG/ff_med2_instans[38]/D1 File: C:/Users/GAD/Desktop/stm/Top/HDL/passive_top.sv Line: 106
# ** Warning: (vsim-3015) [PCDPC] - Port size (18) does not match connection size (1) for port 'd_out'. The port definition is at: C:/Users/GAD/Desktop/stm/Top/HDL/d_ff.sv(7).
#    Time: 0 ns  Iteration: 0  Instance: /passive_top_tb/PASSIVE_ALG/ff_med2_instans[38]/D1 File: C:/Users/GAD/Desktop/stm/Top/HDL/passive_top.sv Line: 106
# ** Warning: (vsim-3015) [PCDPC] - Port size (18) does not match connection size (1) for port 'd_in'. The port definition is at: C:/Users/GAD/Desktop/stm/Top/HDL/d_ff.sv(6).
#    Time: 0 ns  Iteration: 0  Instance: /passive_top_tb/PASSIVE_ALG/ff_med2_instans[39]/D1 File: C:/Users/GAD/Desktop/stm/Top/HDL/passive_top.sv Line: 106
# ** Warning: (vsim-3015) [PCDPC] - Port size (18) does not match connection size (1) for port 'd_out'. The port definition is at: C:/Users/GAD/Desktop/stm/Top/HDL/d_ff.sv(7).
#    Time: 0 ns  Iteration: 0  Instance: /passive_top_tb/PASSIVE_ALG/ff_med2_instans[39]/D1 File: C:/Users/GAD/Desktop/stm/Top/HDL/passive_top.sv Line: 106
# ** Warning: (vsim-3015) [PCDPC] - Port size (18) does not match connection size (1) for port 'd_in'. The port definition is at: C:/Users/GAD/Desktop/stm/Top/HDL/d_ff.sv(6).
#    Time: 0 ns  Iteration: 0  Instance: /passive_top_tb/PASSIVE_ALG/ff_med2_instans[40]/D1 File: C:/Users/GAD/Desktop/stm/Top/HDL/passive_top.sv Line: 106
# ** Warning: (vsim-3015) [PCDPC] - Port size (18) does not match connection size (1) for port 'd_out'. The port definition is at: C:/Users/GAD/Desktop/stm/Top/HDL/d_ff.sv(7).
#    Time: 0 ns  Iteration: 0  Instance: /passive_top_tb/PASSIVE_ALG/ff_med2_instans[40]/D1 File: C:/Users/GAD/Desktop/stm/Top/HDL/passive_top.sv Line: 106
# ** Warning: (vsim-3015) [PCDPC] - Port size (18) does not match connection size (1) for port 'd_in'. The port definition is at: C:/Users/GAD/Desktop/stm/Top/HDL/d_ff.sv(6).
#    Time: 0 ns  Iteration: 0  Instance: /passive_top_tb/PASSIVE_ALG/ff_med2_instans[41]/D1 File: C:/Users/GAD/Desktop/stm/Top/HDL/passive_top.sv Line: 106
# ** Warning: (vsim-3015) [PCDPC] - Port size (18) does not match connection size (1) for port 'd_out'. The port definition is at: C:/Users/GAD/Desktop/stm/Top/HDL/d_ff.sv(7).
#    Time: 0 ns  Iteration: 0  Instance: /passive_top_tb/PASSIVE_ALG/ff_med2_instans[41]/D1 File: C:/Users/GAD/Desktop/stm/Top/HDL/passive_top.sv Line: 106
# ** Warning: (vsim-3015) [PCDPC] - Port size (18) does not match connection size (1) for port 'd_in'. The port definition is at: C:/Users/GAD/Desktop/stm/Top/HDL/d_ff.sv(6).
#    Time: 0 ns  Iteration: 0  Instance: /passive_top_tb/PASSIVE_ALG/ff_med2_instans[42]/D1 File: C:/Users/GAD/Desktop/stm/Top/HDL/passive_top.sv Line: 106
# ** Warning: (vsim-3015) [PCDPC] - Port size (18) does not match connection size (1) for port 'd_out'. The port definition is at: C:/Users/GAD/Desktop/stm/Top/HDL/d_ff.sv(7).
#    Time: 0 ns  Iteration: 0  Instance: /passive_top_tb/PASSIVE_ALG/ff_med2_instans[42]/D1 File: C:/Users/GAD/Desktop/stm/Top/HDL/passive_top.sv Line: 106
# ** Warning: (vsim-3015) [PCDPC] - Port size (18) does not match connection size (1) for port 'd_in'. The port definition is at: C:/Users/GAD/Desktop/stm/Top/HDL/d_ff.sv(6).
#    Time: 0 ns  Iteration: 0  Instance: /passive_top_tb/PASSIVE_ALG/ff_med2_instans[43]/D1 File: C:/Users/GAD/Desktop/stm/Top/HDL/passive_top.sv Line: 106
# ** Warning: (vsim-3015) [PCDPC] - Port size (18) does not match connection size (1) for port 'd_out'. The port definition is at: C:/Users/GAD/Desktop/stm/Top/HDL/d_ff.sv(7).
#    Time: 0 ns  Iteration: 0  Instance: /passive_top_tb/PASSIVE_ALG/ff_med2_instans[43]/D1 File: C:/Users/GAD/Desktop/stm/Top/HDL/passive_top.sv Line: 106
# ** Warning: (vsim-3015) [PCDPC] - Port size (18) does not match connection size (1) for port 'd_in'. The port definition is at: C:/Users/GAD/Desktop/stm/Top/HDL/d_ff.sv(6).
#    Time: 0 ns  Iteration: 0  Instance: /passive_top_tb/PASSIVE_ALG/ff_med2_instans[44]/D1 File: C:/Users/GAD/Desktop/stm/Top/HDL/passive_top.sv Line: 106
# ** Warning: (vsim-3015) [PCDPC] - Port size (18) does not match connection size (1) for port 'd_out'. The port definition is at: C:/Users/GAD/Desktop/stm/Top/HDL/d_ff.sv(7).
#    Time: 0 ns  Iteration: 0  Instance: /passive_top_tb/PASSIVE_ALG/ff_med2_instans[44]/D1 File: C:/Users/GAD/Desktop/stm/Top/HDL/passive_top.sv Line: 106
# ** Warning: (vsim-3015) [PCDPC] - Port size (18) does not match connection size (1) for port 'd_in'. The port definition is at: C:/Users/GAD/Desktop/stm/Top/HDL/d_ff.sv(6).
#    Time: 0 ns  Iteration: 0  Instance: /passive_top_tb/PASSIVE_ALG/ff_med2_instans[45]/D1 File: C:/Users/GAD/Desktop/stm/Top/HDL/passive_top.sv Line: 106
# ** Warning: (vsim-3015) [PCDPC] - Port size (18) does not match connection size (1) for port 'd_out'. The port definition is at: C:/Users/GAD/Desktop/stm/Top/HDL/d_ff.sv(7).
#    Time: 0 ns  Iteration: 0  Instance: /passive_top_tb/PASSIVE_ALG/ff_med2_instans[45]/D1 File: C:/Users/GAD/Desktop/stm/Top/HDL/passive_top.sv Line: 106
# ** Warning: (vsim-3015) [PCDPC] - Port size (18) does not match connection size (1) for port 'd_in'. The port definition is at: C:/Users/GAD/Desktop/stm/Top/HDL/d_ff.sv(6).
#    Time: 0 ns  Iteration: 0  Instance: /passive_top_tb/PASSIVE_ALG/ff_med2_instans[46]/D1 File: C:/Users/GAD/Desktop/stm/Top/HDL/passive_top.sv Line: 106
# ** Warning: (vsim-3015) [PCDPC] - Port size (18) does not match connection size (1) for port 'd_out'. The port definition is at: C:/Users/GAD/Desktop/stm/Top/HDL/d_ff.sv(7).
#    Time: 0 ns  Iteration: 0  Instance: /passive_top_tb/PASSIVE_ALG/ff_med2_instans[46]/D1 File: C:/Users/GAD/Desktop/stm/Top/HDL/passive_top.sv Line: 106
# ** Warning: (vsim-3015) [PCDPC] - Port size (18) does not match connection size (1) for port 'd_in'. The port definition is at: C:/Users/GAD/Desktop/stm/Top/HDL/d_ff.sv(6).
#    Time: 0 ns  Iteration: 0  Instance: /passive_top_tb/PASSIVE_ALG/ff_med2_instans[47]/D1 File: C:/Users/GAD/Desktop/stm/Top/HDL/passive_top.sv Line: 106
# ** Warning: (vsim-3015) [PCDPC] - Port size (18) does not match connection size (1) for port 'd_out'. The port definition is at: C:/Users/GAD/Desktop/stm/Top/HDL/d_ff.sv(7).
#    Time: 0 ns  Iteration: 0  Instance: /passive_top_tb/PASSIVE_ALG/ff_med2_instans[47]/D1 File: C:/Users/GAD/Desktop/stm/Top/HDL/passive_top.sv Line: 106
# ** Warning: (vsim-3015) [PCDPC] - Port size (18) does not match connection size (1) for port 'd_in'. The port definition is at: C:/Users/GAD/Desktop/stm/Top/HDL/d_ff.sv(6).
#    Time: 0 ns  Iteration: 0  Instance: /passive_top_tb/PASSIVE_ALG/ff_med2_instans[48]/D1 File: C:/Users/GAD/Desktop/stm/Top/HDL/passive_top.sv Line: 106
# ** Warning: (vsim-3015) [PCDPC] - Port size (18) does not match connection size (1) for port 'd_out'. The port definition is at: C:/Users/GAD/Desktop/stm/Top/HDL/d_ff.sv(7).
#    Time: 0 ns  Iteration: 0  Instance: /passive_top_tb/PASSIVE_ALG/ff_med2_instans[48]/D1 File: C:/Users/GAD/Desktop/stm/Top/HDL/passive_top.sv Line: 106
# ** Warning: (vsim-3015) [PCDPC] - Port size (18) does not match connection size (1) for port 'd_in'. The port definition is at: C:/Users/GAD/Desktop/stm/Top/HDL/d_ff.sv(6).
#    Time: 0 ns  Iteration: 0  Instance: /passive_top_tb/PASSIVE_ALG/ff_med2_instans[49]/D1 File: C:/Users/GAD/Desktop/stm/Top/HDL/passive_top.sv Line: 106
# ** Warning: (vsim-3015) [PCDPC] - Port size (18) does not match connection size (1) for port 'd_out'. The port definition is at: C:/Users/GAD/Desktop/stm/Top/HDL/d_ff.sv(7).
#    Time: 0 ns  Iteration: 0  Instance: /passive_top_tb/PASSIVE_ALG/ff_med2_instans[49]/D1 File: C:/Users/GAD/Desktop/stm/Top/HDL/passive_top.sv Line: 106
# ** Warning: (vsim-3015) [PCDPC] - Port size (18) does not match connection size (1) for port 'd_in'. The port definition is at: C:/Users/GAD/Desktop/stm/Top/HDL/d_ff.sv(6).
#    Time: 0 ns  Iteration: 0  Instance: /passive_top_tb/PASSIVE_ALG/ff_med2_instans[50]/D1 File: C:/Users/GAD/Desktop/stm/Top/HDL/passive_top.sv Line: 106
# ** Warning: (vsim-3015) [PCDPC] - Port size (18) does not match connection size (1) for port 'd_out'. The port definition is at: C:/Users/GAD/Desktop/stm/Top/HDL/d_ff.sv(7).
#    Time: 0 ns  Iteration: 0  Instance: /passive_top_tb/PASSIVE_ALG/ff_med2_instans[50]/D1 File: C:/Users/GAD/Desktop/stm/Top/HDL/passive_top.sv Line: 106
# ** Warning: (vsim-3015) [PCDPC] - Port size (18) does not match connection size (1) for port 'd_in'. The port definition is at: C:/Users/GAD/Desktop/stm/Top/HDL/d_ff.sv(6).
#    Time: 0 ns  Iteration: 0  Instance: /passive_top_tb/PASSIVE_ALG/ff_med2_instans[51]/D1 File: C:/Users/GAD/Desktop/stm/Top/HDL/passive_top.sv Line: 106
# ** Warning: (vsim-3015) [PCDPC] - Port size (18) does not match connection size (1) for port 'd_out'. The port definition is at: C:/Users/GAD/Desktop/stm/Top/HDL/d_ff.sv(7).
#    Time: 0 ns  Iteration: 0  Instance: /passive_top_tb/PASSIVE_ALG/ff_med2_instans[51]/D1 File: C:/Users/GAD/Desktop/stm/Top/HDL/passive_top.sv Line: 106
# ** Warning: (vsim-3015) [PCDPC] - Port size (18) does not match connection size (1) for port 'd_in'. The port definition is at: C:/Users/GAD/Desktop/stm/Top/HDL/d_ff.sv(6).
#    Time: 0 ns  Iteration: 0  Instance: /passive_top_tb/PASSIVE_ALG/ff_med2_instans[52]/D1 File: C:/Users/GAD/Desktop/stm/Top/HDL/passive_top.sv Line: 106
# ** Warning: (vsim-3015) [PCDPC] - Port size (18) does not match connection size (1) for port 'd_out'. The port definition is at: C:/Users/GAD/Desktop/stm/Top/HDL/d_ff.sv(7).
#    Time: 0 ns  Iteration: 0  Instance: /passive_top_tb/PASSIVE_ALG/ff_med2_instans[52]/D1 File: C:/Users/GAD/Desktop/stm/Top/HDL/passive_top.sv Line: 106
# ** Warning: (vsim-3015) [PCDPC] - Port size (18) does not match connection size (1) for port 'd_in'. The port definition is at: C:/Users/GAD/Desktop/stm/Top/HDL/d_ff.sv(6).
#    Time: 0 ns  Iteration: 0  Instance: /passive_top_tb/PASSIVE_ALG/ff_med2_instans[53]/D1 File: C:/Users/GAD/Desktop/stm/Top/HDL/passive_top.sv Line: 106
# ** Warning: (vsim-3015) [PCDPC] - Port size (18) does not match connection size (1) for port 'd_out'. The port definition is at: C:/Users/GAD/Desktop/stm/Top/HDL/d_ff.sv(7).
#    Time: 0 ns  Iteration: 0  Instance: /passive_top_tb/PASSIVE_ALG/ff_med2_instans[53]/D1 File: C:/Users/GAD/Desktop/stm/Top/HDL/passive_top.sv Line: 106
# ** Warning: (vsim-3015) [PCDPC] - Port size (18) does not match connection size (1) for port 'd_in'. The port definition is at: C:/Users/GAD/Desktop/stm/Top/HDL/d_ff.sv(6).
#    Time: 0 ns  Iteration: 0  Instance: /passive_top_tb/PASSIVE_ALG/ff_med2_instans[54]/D1 File: C:/Users/GAD/Desktop/stm/Top/HDL/passive_top.sv Line: 106
# ** Warning: (vsim-3015) [PCDPC] - Port size (18) does not match connection size (1) for port 'd_out'. The port definition is at: C:/Users/GAD/Desktop/stm/Top/HDL/d_ff.sv(7).
#    Time: 0 ns  Iteration: 0  Instance: /passive_top_tb/PASSIVE_ALG/ff_med2_instans[54]/D1 File: C:/Users/GAD/Desktop/stm/Top/HDL/passive_top.sv Line: 106
# ** Warning: (vsim-3015) [PCDPC] - Port size (18) does not match connection size (1) for port 'd_in'. The port definition is at: C:/Users/GAD/Desktop/stm/Top/HDL/d_ff.sv(6).
#    Time: 0 ns  Iteration: 0  Instance: /passive_top_tb/PASSIVE_ALG/ff_med2_instans[55]/D1 File: C:/Users/GAD/Desktop/stm/Top/HDL/passive_top.sv Line: 106
# ** Warning: (vsim-3015) [PCDPC] - Port size (18) does not match connection size (1) for port 'd_out'. The port definition is at: C:/Users/GAD/Desktop/stm/Top/HDL/d_ff.sv(7).
#    Time: 0 ns  Iteration: 0  Instance: /passive_top_tb/PASSIVE_ALG/ff_med2_instans[55]/D1 File: C:/Users/GAD/Desktop/stm/Top/HDL/passive_top.sv Line: 106
# ** Warning: (vsim-3015) [PCDPC] - Port size (18) does not match connection size (1) for port 'd_in'. The port definition is at: C:/Users/GAD/Desktop/stm/Top/HDL/d_ff.sv(6).
#    Time: 0 ns  Iteration: 0  Instance: /passive_top_tb/PASSIVE_ALG/ff_med2_instans[56]/D1 File: C:/Users/GAD/Desktop/stm/Top/HDL/passive_top.sv Line: 106
# ** Warning: (vsim-3015) [PCDPC] - Port size (18) does not match connection size (1) for port 'd_out'. The port definition is at: C:/Users/GAD/Desktop/stm/Top/HDL/d_ff.sv(7).
#    Time: 0 ns  Iteration: 0  Instance: /passive_top_tb/PASSIVE_ALG/ff_med2_instans[56]/D1 File: C:/Users/GAD/Desktop/stm/Top/HDL/passive_top.sv Line: 106
# ** Warning: (vsim-3015) [PCDPC] - Port size (18) does not match connection size (1) for port 'd_in'. The port definition is at: C:/Users/GAD/Desktop/stm/Top/HDL/d_ff.sv(6).
#    Time: 0 ns  Iteration: 0  Instance: /passive_top_tb/PASSIVE_ALG/ff_med2_instans[57]/D1 File: C:/Users/GAD/Desktop/stm/Top/HDL/passive_top.sv Line: 106
# ** Warning: (vsim-3015) [PCDPC] - Port size (18) does not match connection size (1) for port 'd_out'. The port definition is at: C:/Users/GAD/Desktop/stm/Top/HDL/d_ff.sv(7).
#    Time: 0 ns  Iteration: 0  Instance: /passive_top_tb/PASSIVE_ALG/ff_med2_instans[57]/D1 File: C:/Users/GAD/Desktop/stm/Top/HDL/passive_top.sv Line: 106
# ** Warning: (vsim-3015) [PCDPC] - Port size (18) does not match connection size (1) for port 'd_in'. The port definition is at: C:/Users/GAD/Desktop/stm/Top/HDL/d_ff.sv(6).
#    Time: 0 ns  Iteration: 0  Instance: /passive_top_tb/PASSIVE_ALG/ff_med2_instans[58]/D1 File: C:/Users/GAD/Desktop/stm/Top/HDL/passive_top.sv Line: 106
# ** Warning: (vsim-3015) [PCDPC] - Port size (18) does not match connection size (1) for port 'd_out'. The port definition is at: C:/Users/GAD/Desktop/stm/Top/HDL/d_ff.sv(7).
#    Time: 0 ns  Iteration: 0  Instance: /passive_top_tb/PASSIVE_ALG/ff_med2_instans[58]/D1 File: C:/Users/GAD/Desktop/stm/Top/HDL/passive_top.sv Line: 106
# ** Warning: (vsim-3015) [PCDPC] - Port size (18) does not match connection size (1) for port 'd_in'. The port definition is at: C:/Users/GAD/Desktop/stm/Top/HDL/d_ff.sv(6).
#    Time: 0 ns  Iteration: 0  Instance: /passive_top_tb/PASSIVE_ALG/ff_med2_instans[59]/D1 File: C:/Users/GAD/Desktop/stm/Top/HDL/passive_top.sv Line: 106
# ** Warning: (vsim-3015) [PCDPC] - Port size (18) does not match connection size (1) for port 'd_out'. The port definition is at: C:/Users/GAD/Desktop/stm/Top/HDL/d_ff.sv(7).
#    Time: 0 ns  Iteration: 0  Instance: /passive_top_tb/PASSIVE_ALG/ff_med2_instans[59]/D1 File: C:/Users/GAD/Desktop/stm/Top/HDL/passive_top.sv Line: 106
# ** Warning: (vsim-3015) [PCDPC] - Port size (18) does not match connection size (1) for port 'd_in'. The port definition is at: C:/Users/GAD/Desktop/stm/Top/HDL/d_ff.sv(6).
#    Time: 0 ns  Iteration: 0  Instance: /passive_top_tb/PASSIVE_ALG/ff_med2_instans[60]/D1 File: C:/Users/GAD/Desktop/stm/Top/HDL/passive_top.sv Line: 106
# ** Warning: (vsim-3015) [PCDPC] - Port size (18) does not match connection size (1) for port 'd_out'. The port definition is at: C:/Users/GAD/Desktop/stm/Top/HDL/d_ff.sv(7).
#    Time: 0 ns  Iteration: 0  Instance: /passive_top_tb/PASSIVE_ALG/ff_med2_instans[60]/D1 File: C:/Users/GAD/Desktop/stm/Top/HDL/passive_top.sv Line: 106
# ** Warning: (vsim-3015) [PCDPC] - Port size (18) does not match connection size (1) for port 'd_in'. The port definition is at: C:/Users/GAD/Desktop/stm/Top/HDL/d_ff.sv(6).
#    Time: 0 ns  Iteration: 0  Instance: /passive_top_tb/PASSIVE_ALG/ff_med2_instans[61]/D1 File: C:/Users/GAD/Desktop/stm/Top/HDL/passive_top.sv Line: 106
# ** Warning: (vsim-3015) [PCDPC] - Port size (18) does not match connection size (1) for port 'd_out'. The port definition is at: C:/Users/GAD/Desktop/stm/Top/HDL/d_ff.sv(7).
#    Time: 0 ns  Iteration: 0  Instance: /passive_top_tb/PASSIVE_ALG/ff_med2_instans[61]/D1 File: C:/Users/GAD/Desktop/stm/Top/HDL/passive_top.sv Line: 106
# ** Warning: (vsim-3015) [PCDPC] - Port size (18) does not match connection size (1) for port 'd_in'. The port definition is at: C:/Users/GAD/Desktop/stm/Top/HDL/d_ff.sv(6).
#    Time: 0 ns  Iteration: 0  Instance: /passive_top_tb/PASSIVE_ALG/ff_med2_instans[62]/D1 File: C:/Users/GAD/Desktop/stm/Top/HDL/passive_top.sv Line: 106
# ** Warning: (vsim-3015) [PCDPC] - Port size (18) does not match connection size (1) for port 'd_out'. The port definition is at: C:/Users/GAD/Desktop/stm/Top/HDL/d_ff.sv(7).
#    Time: 0 ns  Iteration: 0  Instance: /passive_top_tb/PASSIVE_ALG/ff_med2_instans[62]/D1 File: C:/Users/GAD/Desktop/stm/Top/HDL/passive_top.sv Line: 106
# ** Warning: (vsim-3015) [PCDPC] - Port size (18) does not match connection size (1) for port 'd_in'. The port definition is at: C:/Users/GAD/Desktop/stm/Top/HDL/d_ff.sv(6).
#    Time: 0 ns  Iteration: 0  Instance: /passive_top_tb/PASSIVE_ALG/ff_med2_instans[63]/D1 File: C:/Users/GAD/Desktop/stm/Top/HDL/passive_top.sv Line: 106
# ** Warning: (vsim-3015) [PCDPC] - Port size (18) does not match connection size (1) for port 'd_out'. The port definition is at: C:/Users/GAD/Desktop/stm/Top/HDL/d_ff.sv(7).
#    Time: 0 ns  Iteration: 0  Instance: /passive_top_tb/PASSIVE_ALG/ff_med2_instans[63]/D1 File: C:/Users/GAD/Desktop/stm/Top/HDL/passive_top.sv Line: 106
# Compile of passive_top.sv was successful with warnings.
# Compile of Phi.svh was successful.
# Compile of rsr.sv was successful.
# Compile of seed_generator.sv was successful.
# Compile of twos_comp_1cycle.sv was successful.
# 16 compiles, 0 failed with no errors.
# ** Error: Acs sdne.
# 
#        Unable to replace existing ini file (C:/Users/GAD/Desktop/stm/Top/HDL/a.mpf).  File can not be renamed.
# ** Error: Acs sdne.
# 
#        Unable to replace existing ini file (C:/Users/GAD/Desktop/stm/Top/HDL/a.mpf).  File can not be renamed.
# ** Error: Acs sdne.
# 
#        Unable to replace existing ini file (C:/Users/GAD/Desktop/stm/Top/HDL/a.mpf).  File can not be renamed.
run
run
run
# ** Error: Acs sdne.
# 
#        Unable to replace existing ini file (C:/Users/GAD/Desktop/stm/Top/HDL/a.mpf).  File can not be renamed.
# ** Error: Acs sdne.
# 
#        Unable to replace existing ini file (C:/Users/GAD/Desktop/stm/Top/HDL/a.mpf).  File can not be renamed.
# ** Error: Acs sdne.
# 
#        Unable to replace existing ini file (C:/Users/GAD/Desktop/stm/Top/HDL/a.mpf).  File can not be renamed.
# End time: 07:41:48 on Feb 25,2026, Elapsed time: 0:40:21
# Errors: 6, Warnings: 130
